INSERT INTO pokedex.type (id, name) VALUES 
(1, 'Bug'),
(2, 'Dark'),
(3, 'Dragon'),
(4, 'Electric'),
(5, 'Fairy'),
(6, 'Fighting'),
(7, 'Fire'),
(8, 'Flying'),
(9, 'Ghost'),
(10, 'Grass'),
(11, 'Ground'),
(12, 'Ice'),
(13, 'Normal'),
(14, 'Poison'),
(15, 'Psychic'),
(16, 'Rock'),
(17, 'Steel'),
(18, 'Water');

INSERT INTO pokedex.pokemon (id, national_number, hoenn_number, generation, popular, name, hp, attack, defense, special_attack, special_defense, speed, sum_base_values) VALUES
(1, 1, null, null, 0, 'Bulbasaur', 45, 49, 49, 65, 65, 45, 318),
(2, 2, null, null, 0, 'Ivysaur', 60, 62, 63, 80, 80, 60, 405),
(3, 3, null, null, 0, 'Venusaur', 80, 82, 83, 100, 100, 80, 525),
(4, 3, null, null, 0, 'Mega Venusaur', 80, 100, 123, 122, 120, 80, 625),
(5, 4, null, null, 0, 'Charmander', 39, 52, 43, 60, 50, 65, 309),
(6, 5, null, null, 0, 'Charmeleon', 58, 64, 58, 80, 65, 80, 405),
(7, 6, null, null, 0, 'Charizard', 78, 84, 78, 109, 85, 100, 534),
(8, 6, null, null, 0, 'Mega Charizard X', 78, 120, 78, 100, 85, 100, 561),
(9, 6, null, null, 0, 'Mega Charizard Y', 78, 104, 78, 159, 115, 100, 634),
(10, 7, null, null, 0, 'Squirtle', 44, 48, 65, 50, 64, 43, 314),
(11, 8, null, null, 0, 'Wartortle', 59, 63, 80, 65, 80, 58, 405),
(12, 9, null, null, 0, 'Blastoise', 79, 83, 100, 85, 105, 78, 530),
(13, 9, null, null, 0, 'Mega Blastoise', 79, 83, 100, 85, 105, 78, 530),
(14, 10, null, null, 0, 'Caterpie', 45, 30, 35, 20, 20, 45, 195),
(15, 11, null, null, 0, 'Metapod', 50, 20, 55, 25, 25, 30, 205),
(16, 12, null, null, 0, 'Butterfree', 60, 45, 50, 90, 80, 70, 395),
(17, 13, null, null, 0, 'Weedle', 40, 35, 30, 20, 20, 50, 195),
(18, 14, null, null, 0, 'Kakuna', 45, 25, 50, 25, 25, 35, 205),
(19, 15, null, null, 0, 'Beedrill', 65, 90, 40, 45, 80, 75, 395),
(20, 15, null, null, 0, 'Mega Beedrill', 65, 150, 40, 15, 80, 145, 495),
(21, 16, null, null, 0, 'Pidgey', 40, 45, 40, 35, 35, 56, 251),
(22, 17, null, null, 0, 'Pidgeotto', 63, 60, 55, 50, 50, 71, 349),
(23, 18, null, null, 0, 'Pidgeot', 83, 80, 75, 70, 70, 101, 479),
(24, 18, null, null, 0, 'Mega Pidgeot', 83, 80, 80, 135, 80, 121, 579),
(25, 19, null, null, 0, 'Rattata', 30, 56, 35, 25, 35, 72, 253),
(26, 20, null, null, 0, 'Raticate', 55, 81, 60, 50, 70, 97, 413),
(27, 21, null, null, 0, 'Spearow', 40, 60, 30, 31, 31, 70, 262),
(28, 22, null, null, 0, 'Fearow', 65, 90, 65, 61, 61, 100, 442),
(29, 23, null, null, 0, 'Ekans', 35, 60, 44, 40, 54, 55, 288),
(30, 24, null, null, 0, 'Arbok', 60, 85, 69, 65, 79, 80, 438),
(31, 25, 163, null, 0, 'Pikachu', 35, 55, 40, 50, 50, 90, 320),
(32, 25, 163, null, 0, 'Pikachu (Pikachu Rock Star)', 35, 55, 40, 50, 50, 90, 320),
(33, 25, 163, null, 0, 'Pikachu (Pikachu Belle)', 35, 55, 40, 50, 50, 90, 320),
(34, 25, 163, null, 0, 'Pikachu (Pikachu Pop Star)', 35, 55, 40, 50, 50, 90, 320),
(35, 25, 163, null, 0, 'Pikachu (Pikachu, Ph.D.)', 35, 55, 40, 50, 50, 90, 320),
(36, 25, 163, null, 0, 'Pikachu (Pikachu Libre)', 35, 55, 40, 50, 50, 90, 320),
(37, 25, 163, null, 0, 'Pikachu (Cosplay Pikachu)', 35, 55, 40, 50, 50, 90, 320),
(38, 26, 164, null, 0, 'Raichu', 60, 90, 55, 90, 80, 110, 485),
(39, 27, 117, null, 0, 'Sandshrew', 50, 75, 85, 20, 30, 40, 300),
(40, 28, 118, null, 0, 'Sandslash', 75, 100, 110, 45, 55, 65, 450),
(41, 29, null, null, 0, 'Nidoran♀', 55, 47, 52, 40, 40, 41, 275),
(42, 30, null, null, 0, 'Nidorina', 70, 62, 67, 55, 55, 56, 365),
(43, 31, null, null, 0, 'Nidoqueen', 90, 92, 87, 75, 85, 76, 505),
(44, 32, null, null, 0, 'Nidoran♂', 46, 57, 40, 40, 40, 50, 273),
(45, 33, null, null, 0, 'Nidorino', 61, 72, 57, 55, 55, 65, 365),
(46, 34, null, null, 0, 'Nidoking', 81, 102, 77, 85, 75, 85, 505),
(47, 35, null, null, 0, 'Clefairy', 70, 45, 48, 60, 65, 35, 323),
(48, 36, null, null, 0, 'Clefable', 95, 70, 73, 95, 90, 60, 483),
(49, 37, 160, null, 0, 'Vulpix', 38, 41, 40, 50, 65, 65, 299),
(50, 38, 161, null, 0, 'Ninetales', 73, 76, 75, 81, 100, 100, 505),
(51, 39, 143, null, 0, 'Jigglypuff', 115, 45, 20, 45, 25, 20, 270),
(52, 40, 144, null, 0, 'Wigglytuff', 140, 70, 45, 85, 50, 45, 435),
(53, 41, 65, null, 0, 'Zubat', 40, 45, 35, 30, 40, 55, 245),
(54, 42, 66, null, 0, 'Golbat', 75, 80, 70, 65, 75, 90, 455),
(55, 43, 91, null, 0, 'Oddish', 45, 50, 55, 75, 65, 30, 320),
(56, 44, 92, null, 0, 'Gloom', 60, 65, 70, 85, 75, 40, 395),
(57, 45, 93, null, 0, 'Vileplume', 75, 80, 85, 110, 90, 50, 490),
(58, 46, null, null, 0, 'Paras', 35, 70, 55, 45, 55, 25, 285),
(59, 47, null, null, 0, 'Parasect', 60, 95, 80, 60, 80, 30, 405),
(60, 48, null, null, 0, 'Venonat', 60, 55, 50, 40, 55, 45, 305),
(61, 49, null, null, 0, 'Venomoth', 70, 65, 60, 90, 75, 90, 450),
(62, 50, null, null, 0, 'Diglett', 10, 55, 25, 35, 45, 95, 265),
(63, 51, null, null, 0, 'Dugtrio', 35, 80, 50, 50, 70, 120, 405),
(64, 52, null, null, 0, 'Meowth', 40, 45, 35, 40, 40, 90, 290),
(65, 53, null, null, 0, 'Persian', 65, 70, 60, 65, 65, 115, 440),
(66, 54, 165, null, 0, 'Psyduck', 50, 52, 48, 65, 50, 55, 320),
(67, 55, 166, null, 0, 'Golduck', 80, 82, 78, 95, 80, 85, 500),
(68, 56, null, null, 0, 'Mankey', 40, 80, 35, 35, 45, 70, 305),
(69, 57, null, null, 0, 'Primeape', 65, 105, 60, 60, 70, 95, 455),
(70, 58, null, null, 0, 'Growlithe', 55, 70, 45, 70, 50, 60, 350),
(71, 59, null, null, 0, 'Arcanine', 90, 110, 80, 100, 80, 95, 555),
(72, 60, null, null, 0, 'Poliwag', 40, 50, 40, 40, 40, 90, 300),
(73, 61, null, null, 0, 'Poliwhirl', 65, 65, 65, 50, 50, 90, 385),
(74, 62, null, null, 0, 'Poliwrath', 90, 95, 95, 70, 90, 70, 510),
(75, 63, 40, null, 0, 'Abra', 25, 20, 15, 105, 55, 90, 310),
(76, 64, 41, null, 0, 'Kadabra', 40, 35, 30, 120, 70, 105, 400),
(77, 65, 42, null, 0, 'Alakazam', 55, 50, 45, 135, 95, 120, 500),
(78, 65, 42, null, 0, 'Mega Alakazam', 55, 50, 65, 175, 95, 150, 590),
(79, 66, 75, null, 0, 'Machop', 70, 80, 50, 35, 35, 35, 305),
(80, 67, 76, null, 0, 'Machoke', 80, 100, 70, 50, 60, 45, 405),
(81, 68, 77, null, 0, 'Machamp', 90, 130, 80, 65, 85, 55, 505),
(82, 69, null, null, 0, 'Bellsprout', 50, 75, 35, 70, 30, 40, 300),
(83, 70, null, null, 0, 'Weepinbell', 65, 90, 50, 85, 45, 55, 390),
(84, 71, null, null, 0, 'Victreebel', 80, 105, 65, 100, 70, 70, 490),
(85, 72, 68, null, 0, 'Tentacool', 40, 40, 35, 50, 100, 70, 335),
(86, 73, 69, null, 0, 'Tentacruel', 80, 70, 65, 80, 120, 100, 515),
(87, 74, 58, null, 0, 'Geodude', 40, 80, 100, 30, 30, 20, 300),
(88, 75, 59, null, 0, 'Graveler', 55, 95, 115, 45, 45, 35, 390),
(89, 76, 60, null, 0, 'Golem', 80, 120, 130, 55, 65, 45, 495),
(90, 77, null, null, 0, 'Ponyta', 50, 85, 55, 65, 65, 90, 410),
(91, 78, null, null, 0, 'Rapidash', 65, 100, 70, 80, 80, 105, 500),
(92, 79, null, null, 0, 'Slowpoke', 90, 65, 65, 40, 40, 15, 315),
(93, 80, null, null, 0, 'Slowbro', 95, 75, 110, 100, 80, 30, 490),
(94, 80, null, null, 0, 'Mega Slowbro', 95, 75, 180, 130, 80, 30, 590),
(95, 81, 84, null, 0, 'Magnemite', 25, 35, 70, 95, 55, 45, 325),
(96, 82, 85, null, 0, 'Magneton', 50, 60, 95, 120, 70, 70, 465),
(97, 83, null, null, 0, 'Farfetch’d', 52, 65, 55, 58, 62, 60, 352),
(98, 84, 95, null, 0, 'Doduo', 35, 85, 45, 35, 35, 75, 310),
(99, 85, 96, null, 0, 'Dodrio', 60, 110, 70, 60, 60, 100, 460),
(100, 86, null, null, 0, 'Seel', 65, 45, 55, 45, 70, 45, 325),
(101, 87, null, null, 0, 'Dewgong', 90, 70, 80, 70, 95, 70, 475),
(102, 88, 111, null, 0, 'Grimer', 80, 80, 50, 40, 50, 25, 325),
(103, 89, 112, null, 0, 'Muk', 105, 105, 75, 65, 100, 50, 500),
(104, 90, null, null, 0, 'Shellder', 30, 65, 100, 45, 25, 40, 305),
(105, 91, null, null, 0, 'Cloyster', 50, 95, 180, 85, 45, 70, 525),
(106, 92, null, null, 0, 'Gastly', 30, 35, 30, 100, 35, 80, 310),
(107, 93, null, null, 0, 'Haunter', 45, 50, 45, 115, 55, 95, 405),
(108, 94, null, null, 0, 'Gengar', 60, 65, 60, 130, 75, 110, 500),
(109, 94, null, null, 0, 'Mega Gengar', 60, 65, 80, 170, 95, 130, 600),
(110, 95, null, null, 0, 'Onix', 35, 45, 160, 30, 45, 70, 385),
(111, 96, null, null, 0, 'Drowzee', 60, 48, 45, 43, 90, 42, 328),
(112, 97, null, null, 0, 'Hypno', 85, 73, 70, 73, 115, 67, 483),
(113, 98, null, null, 0, 'Krabby', 30, 105, 90, 25, 25, 50, 325),
(114, 99, null, null, 0, 'Kingler', 55, 130, 115, 50, 50, 75, 475),
(115, 100, 87, null, 0, 'Voltorb', 40, 30, 50, 55, 55, 100, 330),
(116, 101, 88, null, 0, 'Electrode', 60, 50, 70, 80, 80, 140, 480),
(117, 102, null, null, 0, 'Exeggcute', 60, 40, 80, 60, 45, 40, 325),
(118, 103, null, null, 0, 'Exeggutor', 95, 95, 85, 125, 65, 55, 520),
(119, 104, null, null, 0, 'Cubone', 50, 50, 95, 40, 50, 35, 320),
(120, 105, null, null, 0, 'Marowak', 60, 80, 110, 50, 80, 45, 425),
(121, 106, null, null, 0, 'Hitmonlee', 50, 120, 53, 35, 110, 87, 455),
(122, 107, null, null, 0, 'Hitmonchan', 50, 105, 79, 35, 110, 76, 455),
(123, 108, null, null, 0, 'Lickitung', 90, 55, 75, 60, 75, 30, 385),
(124, 109, 113, null, 0, 'Koffing', 40, 65, 95, 60, 45, 35, 340),
(125, 110, 114, null, 0, 'Weezing', 65, 90, 120, 85, 70, 60, 490),
(126, 111, 176, null, 0, 'Rhyhorn', 80, 85, 95, 30, 30, 25, 345),
(127, 112, 177, null, 0, 'Rhydon', 105, 130, 120, 45, 45, 40, 485),
(128, 113, null, null, 0, 'Chansey', 250, 5, 5, 35, 105, 50, 450),
(129, 114, null, null, 0, 'Tangela', 65, 55, 115, 100, 40, 60, 435),
(130, 115, null, null, 0, 'Kangaskhan', 105, 95, 80, 40, 80, 90, 490),
(131, 115, null, null, 0, 'Mega Kangaskhan', 105, 125, 100, 60, 100, 100, 590),
(132, 116, 193, null, 0, 'Horsea', 30, 40, 70, 70, 25, 60, 295),
(133, 117, 194, null, 0, 'Seadra', 55, 65, 95, 95, 45, 85, 440),
(134, 118, 51, null, 0, 'Goldeen', 45, 67, 60, 35, 50, 63, 320),
(135, 119, 52, null, 0, 'Seaking', 80, 92, 65, 65, 80, 68, 450),
(136, 120, 148, null, 0, 'Staryu', 30, 45, 55, 70, 55, 85, 340),
(137, 121, 149, null, 0, 'Starmie', 60, 75, 85, 100, 85, 115, 520),
(138, 122, null, null, 0, 'Mr. Mime', 40, 45, 65, 100, 120, 90, 460),
(139, 123, null, null, 0, 'Scyther', 70, 110, 80, 55, 80, 105, 500),
(140, 124, null, null, 0, 'Jynx', 65, 50, 35, 115, 95, 95, 455),
(141, 125, null, null, 0, 'Electabuzz', 65, 83, 57, 95, 85, 105, 490),
(142, 126, null, null, 0, 'Magmar', 65, 95, 57, 100, 85, 93, 495),
(143, 127, 174, null, 0, 'Pinsir', 65, 125, 100, 55, 70, 85, 500),
(144, 127, 174, null, 0, 'Mega Pinsir', 65, 155, 120, 65, 90, 105, 600),
(145, 128, null, null, 0, 'Tauros', 75, 100, 95, 40, 70, 110, 490),
(146, 129, 53, null, 0, 'Magikarp', 20, 10, 55, 15, 20, 80, 200),
(147, 130, 54, null, 0, 'Gyarados', 95, 125, 79, 60, 100, 81, 540),
(148, 130, 54, null, 0, 'Mega Gyarados', 95, 155, 109, 70, 130, 81, 640),
(149, 131, null, null, 0, 'Lapras', 130, 85, 80, 85, 95, 60, 535),
(150, 132, null, null, 0, 'Ditto', 48, 48, 48, 48, 48, 48, 288),
(151, 133, null, null, 0, 'Eevee', 55, 55, 50, 45, 65, 55, 325),
(152, 134, null, null, 0, 'Vaporeon', 130, 65, 60, 110, 95, 65, 525),
(153, 135, null, null, 0, 'Jolteon', 65, 65, 60, 110, 95, 130, 525),
(154, 136, null, null, 0, 'Flareon', 65, 130, 60, 95, 110, 65, 525),
(155, 137, null, null, 0, 'Porygon', 65, 60, 70, 85, 75, 40, 395),
(156, 138, null, null, 0, 'Omanyte', 35, 40, 100, 90, 55, 35, 355),
(157, 139, null, null, 0, 'Omastar', 70, 60, 125, 115, 70, 55, 495),
(158, 140, null, null, 0, 'Kabuto', 30, 80, 90, 55, 45, 55, 355),
(159, 141, null, null, 0, 'Kabutops', 60, 115, 105, 65, 70, 80, 495),
(160, 142, null, null, 0, 'Aerodactyl', 80, 105, 65, 60, 75, 130, 515),
(161, 142, null, null, 0, 'Mega Aerodactyl', 80, 135, 85, 70, 95, 150, 615),
(162, 143, null, null, 0, 'Snorlax', 160, 110, 65, 65, 110, 30, 540),
(163, 144, null, null, 0, 'Articuno', 90, 85, 100, 95, 125, 85, 580),
(164, 145, null, null, 0, 'Zapdos', 90, 90, 85, 125, 90, 100, 580),
(165, 146, null, null, 0, 'Moltres', 90, 100, 90, 125, 85, 90, 580),
(166, 147, null, null, 0, 'Dratini', 41, 64, 45, 50, 50, 50, 300),
(167, 148, null, null, 0, 'Dragonair', 61, 84, 65, 70, 70, 70, 420),
(168, 149, null, null, 0, 'Dragonite', 91, 134, 95, 100, 100, 80, 600),
(169, 150, null, null, 0, 'Mewtwo', 106, 110, 90, 154, 90, 130, 680),
(170, 150, null, null, 0, 'Mega Mewtwo X', 106, 190, 100, 154, 100, 130, 780),
(171, 150, null, null, 0, 'Mega Mewtwo Y', 106, 150, 70, 194, 120, 140, 780),
(172, 151, null, null, 0, 'Mew', 100, 100, 100, 100, 100, 100, 600),
(173, 152, null, null, 0, 'Chikorita', 45, 49, 65, 49, 65, 45, 318),
(174, 153, null, null, 0, 'Bayleef', 60, 62, 80, 63, 80, 60, 405),
(175, 154, null, null, 0, 'Meganium', 80, 82, 100, 83, 100, 80, 525),
(176, 155, null, null, 0, 'Cyndaquil', 39, 52, 43, 60, 50, 65, 309),
(177, 156, null, null, 0, 'Quilava', 58, 64, 58, 80, 65, 80, 405),
(178, 157, null, null, 0, 'Typhlosion', 78, 84, 78, 109, 85, 100, 534),
(179, 158, null, null, 0, 'Totodile', 50, 65, 64, 44, 48, 43, 314),
(180, 159, null, null, 0, 'Croconaw', 65, 80, 80, 59, 63, 58, 405),
(181, 160, null, null, 0, 'Feraligatr', 85, 105, 100, 79, 83, 78, 530),
(182, 161, null, null, 0, 'Sentret', 35, 46, 34, 35, 45, 20, 215),
(183, 162, null, null, 0, 'Furret', 85, 76, 64, 45, 55, 90, 415),
(184, 163, null, null, 0, 'Hoothoot', 60, 30, 30, 36, 56, 50, 262),
(185, 164, null, null, 0, 'Noctowl', 100, 50, 50, 76, 96, 70, 442),
(186, 165, null, null, 0, 'Ledyba', 40, 20, 30, 40, 80, 55, 265),
(187, 166, null, null, 0, 'Ledian', 55, 35, 50, 55, 110, 85, 390),
(188, 167, null, null, 0, 'Spinarak', 40, 60, 40, 40, 40, 30, 250),
(189, 168, null, null, 0, 'Ariados', 70, 90, 70, 60, 60, 40, 390),
(190, 169, 67, null, 0, 'Crobat', 85, 90, 80, 70, 80, 130, 535),
(191, 170, 190, null, 0, 'Chinchou', 75, 38, 38, 56, 56, 67, 330),
(192, 171, 191, null, 0, 'Lanturn', 125, 58, 58, 76, 76, 67, 460),
(193, 172, 162, null, 0, 'Pichu', 20, 40, 15, 35, 35, 60, 205),
(194, 173, null, null, 0, 'Cleffa', 50, 25, 28, 45, 55, 15, 218),
(195, 174, 142, null, 0, 'Igglybuff', 90, 30, 15, 40, 20, 15, 210),
(196, 175, null, null, 0, 'Togepi', 35, 20, 65, 40, 65, 20, 245),
(197, 176, null, null, 0, 'Togetic', 55, 40, 85, 80, 105, 40, 405),
(198, 177, 169, null, 0, 'Natu', 40, 50, 45, 70, 45, 70, 320),
(199, 178, 170, null, 0, 'Xatu', 65, 75, 70, 95, 70, 95, 470),
(200, 179, null, null, 0, 'Mareep', 55, 40, 40, 65, 45, 35, 280),
(201, 180, null, null, 0, 'Flaaffy', 70, 55, 55, 80, 60, 45, 365),
(202, 181, null, null, 0, 'Ampharos', 90, 75, 85, 115, 90, 55, 510),
(203, 181, null, null, 0, 'Mega Ampharos', 90, 95, 105, 165, 110, 45, 610),
(204, 182, 94, null, 0, 'Bellossom', 75, 80, 95, 90, 100, 50, 490),
(205, 183, 56, null, 0, 'Marill', 70, 20, 50, 20, 50, 40, 250),
(206, 184, 57, null, 0, 'Azumarill', 100, 50, 80, 60, 80, 50, 420),
(207, 185, null, null, 0, 'Sudowoodo', 70, 100, 115, 30, 65, 30, 410),
(208, 186, null, null, 0, 'Politoed', 90, 75, 75, 90, 100, 70, 500),
(209, 187, null, null, 0, 'Hoppip', 35, 35, 40, 35, 55, 50, 250),
(210, 188, null, null, 0, 'Skiploom', 55, 45, 50, 45, 65, 80, 340),
(211, 189, null, null, 0, 'Jumpluff', 75, 55, 70, 55, 95, 110, 460),
(212, 190, null, null, 0, 'Aipom', 55, 70, 55, 40, 55, 85, 360),
(213, 191, null, null, 0, 'Sunkern', 30, 30, 30, 30, 30, 30, 180),
(214, 192, null, null, 0, 'Sunflora', 75, 75, 55, 105, 85, 30, 425),
(215, 193, null, null, 0, 'Yanma', 65, 65, 45, 75, 45, 95, 390),
(216, 194, null, null, 0, 'Wooper', 55, 45, 45, 25, 25, 15, 210),
(217, 195, null, null, 0, 'Quagsire', 95, 85, 85, 65, 65, 35, 430),
(218, 196, null, null, 0, 'Espeon', 65, 65, 60, 130, 95, 110, 525),
(219, 197, null, null, 0, 'Umbreon', 95, 65, 110, 60, 130, 65, 525),
(220, 198, null, null, 0, 'Murkrow', 60, 85, 42, 85, 42, 91, 405),
(221, 199, null, null, 0, 'Slowking', 95, 75, 80, 100, 110, 30, 490),
(222, 200, null, null, 0, 'Misdreavus', 60, 60, 60, 85, 85, 85, 435),
(223, 201, null, null, 0, 'Unown', 48, 72, 48, 72, 48, 48, 336),
(224, 202, 168, null, 0, 'Wobbuffet', 190, 33, 58, 33, 58, 33, 405),
(225, 203, 171, null, 0, 'Girafarig', 70, 80, 65, 90, 65, 85, 455),
(226, 204, null, null, 0, 'Pineco', 50, 65, 90, 35, 35, 15, 290),
(227, 205, null, null, 0, 'Forretress', 75, 90, 140, 60, 60, 40, 465),
(228, 206, null, null, 0, 'Dunsparce', 100, 70, 70, 65, 65, 45, 415),
(229, 207, null, null, 0, 'Gligar', 65, 75, 105, 35, 65, 85, 430),
(230, 208, null, null, 0, 'Steelix', 75, 85, 200, 55, 65, 30, 510),
(231, 208, null, null, 0, 'Mega Steelix', 75, 125, 230, 55, 95, 30, 610),
(232, 209, null, null, 0, 'Snubbull', 60, 80, 50, 40, 40, 30, 300),
(233, 210, null, null, 0, 'Granbull', 90, 120, 75, 60, 60, 45, 450),
(234, 211, null, null, 0, 'Qwilfish', 65, 95, 75, 55, 55, 85, 430),
(235, 212, null, null, 0, 'Scizor', 70, 130, 100, 55, 80, 65, 500),
(236, 212, null, null, 0, 'Mega Scizor', 70, 150, 140, 65, 100, 75, 600),
(237, 213, null, null, 0, 'Shuckle', 20, 10, 230, 10, 230, 5, 505),
(238, 214, 175, null, 0, 'Heracross', 80, 125, 75, 40, 95, 85, 500),
(239, 214, 175, null, 0, 'Mega Heracross', 80, 185, 115, 40, 105, 75, 600),
(240, 215, null, null, 0, 'Sneasel', 55, 95, 55, 35, 75, 115, 430),
(241, 216, null, null, 0, 'Teddiursa', 60, 80, 50, 50, 50, 40, 330),
(242, 217, null, null, 0, 'Ursaring', 90, 130, 75, 75, 75, 55, 500),
(243, 218, 108, null, 0, 'Slugma', 40, 40, 40, 70, 40, 20, 250),
(244, 219, 109, null, 0, 'Magcargo', 50, 50, 120, 80, 80, 30, 410),
(245, 220, null, null, 0, 'Swinub', 50, 50, 40, 30, 30, 50, 250),
(246, 221, null, null, 0, 'Piloswine', 100, 100, 80, 60, 60, 50, 450),
(247, 222, 189, null, 0, 'Corsola', 55, 55, 85, 65, 85, 35, 380),
(248, 223, null, null, 0, 'Remoraid', 35, 65, 35, 65, 35, 65, 300),
(249, 224, null, null, 0, 'Octillery', 75, 105, 75, 105, 75, 45, 480),
(250, 225, null, null, 0, 'Delibird', 45, 55, 45, 65, 45, 75, 330),
(251, 226, null, null, 0, 'Mantine', 65, 40, 70, 80, 140, 70, 465),
(252, 227, 120, null, 0, 'Skarmory', 65, 80, 140, 40, 70, 70, 465),
(253, 228, null, null, 0, 'Houndour', 45, 60, 30, 80, 50, 65, 330),
(254, 229, null, null, 0, 'Houndoom', 75, 90, 50, 110, 80, 95, 500),
(255, 229, null, null, 0, 'Mega Houndoom', 75, 90, 90, 140, 90, 115, 600),
(256, 230, 195, null, 0, 'Kingdra', 75, 95, 95, 95, 95, 85, 540),
(257, 231, 172, null, 0, 'Phanpy', 90, 60, 60, 40, 40, 40, 330),
(258, 232, 173, null, 0, 'Donphan', 90, 120, 120, 60, 60, 50, 500),
(259, 233, null, null, 0, 'Porygon2', 85, 80, 90, 105, 95, 60, 515),
(260, 234, null, null, 0, 'Stantler', 73, 95, 62, 85, 65, 85, 465),
(261, 235, null, null, 0, 'Smeargle', 55, 20, 35, 20, 45, 75, 250),
(262, 236, null, null, 0, 'Tyrogue', 35, 35, 35, 35, 35, 35, 210),
(263, 237, null, null, 0, 'Hitmontop', 50, 95, 95, 35, 110, 70, 455),
(264, 238, null, null, 0, 'Smoochum', 45, 30, 15, 85, 65, 65, 305),
(265, 239, null, null, 0, 'Elekid', 45, 63, 37, 65, 55, 95, 360),
(266, 240, null, null, 0, 'Magby', 45, 75, 37, 70, 55, 83, 365),
(267, 241, null, null, 0, 'Miltank', 95, 80, 105, 40, 70, 100, 490),
(268, 242, null, null, 0, 'Blissey', 255, 10, 10, 75, 135, 55, 540),
(269, 243, null, null, 0, 'Raikou', 90, 85, 75, 115, 100, 115, 580),
(270, 244, null, null, 0, 'Entei', 115, 115, 85, 90, 75, 100, 580),
(271, 245, null, null, 0, 'Suicune', 100, 75, 115, 90, 115, 85, 580),
(272, 246, null, null, 0, 'Larvitar', 50, 64, 50, 45, 50, 41, 300),
(273, 247, null, null, 0, 'Pupitar', 70, 84, 70, 65, 70, 51, 410),
(274, 248, null, null, 0, 'Tyranitar', 100, 134, 110, 95, 100, 61, 600),
(275, 248, null, null, 0, 'Mega Tyranitar', 100, 164, 150, 95, 120, 71, 700),
(276, 249, null, null, 0, 'Lugia', 106, 90, 130, 90, 154, 110, 680),
(277, 250, null, null, 0, 'HoNULLOh', 106, 130, 90, 110, 154, 90, 680),
(278, 251, null, null, 0, 'Celebi', 100, 100, 100, 100, 100, 100, 600),
(279, 252, 1, null, 0, 'Treecko', 40, 45, 35, 65, 55, 70, 310),
(280, 253, 2, null, 0, 'Grovyle', 50, 65, 45, 85, 65, 95, 405),
(281, 254, 3, null, 0, 'Sceptile', 70, 85, 65, 105, 85, 120, 530),
(282, 254, 3, null, 0, 'Mega Sceptile', 70, 110, 75, 145, 85, 145, 630),
(283, 255, 4, null, 0, 'Torchic', 45, 60, 40, 70, 50, 45, 310),
(284, 256, 5, null, 0, 'Combusken', 60, 85, 60, 85, 60, 55, 405),
(285, 257, 6, null, 0, 'Blaziken', 80, 120, 70, 110, 70, 80, 530),
(286, 257, 6, null, 0, 'Mega Blaziken', 80, 160, 80, 130, 80, 100, 630),
(287, 258, 7, null, 0, 'Mudkip', 50, 70, 50, 50, 50, 40, 310),
(288, 259, 8, null, 0, 'Marshtomp', 70, 85, 70, 60, 70, 50, 405),
(289, 260, 9, null, 0, 'Swampert', 100, 110, 90, 85, 90, 60, 535),
(290, 260, 9, null, 0, 'Mega Swampert', 100, 150, 110, 95, 110, 70, 635),
(291, 261, 10, null, 0, 'Poochyena', 35, 55, 35, 30, 30, 35, 220),
(292, 262, 11, null, 0, 'Mightyena', 70, 90, 70, 60, 60, 70, 420),
(293, 263, 12, null, 0, 'Zigzagoon', 38, 30, 41, 30, 41, 60, 240),
(294, 264, 13, null, 0, 'Linoone', 78, 70, 61, 50, 61, 100, 420),
(295, 265, 14, null, 0, 'Wurmple', 45, 45, 35, 20, 30, 20, 195),
(296, 266, 15, null, 0, 'Silcoon', 50, 35, 55, 25, 25, 15, 205),
(297, 267, 16, null, 0, 'Beautifly', 60, 70, 50, 100, 50, 65, 395),
(298, 268, 17, null, 0, 'Cascoon', 50, 35, 55, 25, 25, 15, 205),
(299, 269, 18, null, 0, 'Dustox', 60, 50, 70, 50, 90, 65, 385),
(300, 270, 19, null, 0, 'Lotad', 40, 30, 30, 40, 50, 30, 220),
(301, 271, 20, null, 0, 'Lombre', 60, 50, 50, 60, 70, 50, 340),
(302, 272, 21, null, 0, 'Ludicolo', 80, 70, 70, 90, 100, 70, 480),
(303, 273, 22, null, 0, 'Seedot', 40, 40, 50, 30, 30, 30, 220),
(304, 274, 23, null, 0, 'Nuzleaf', 70, 70, 40, 60, 40, 60, 340),
(305, 275, 24, null, 0, 'Shiftry', 90, 100, 60, 90, 60, 80, 480),
(306, 276, 25, null, 0, 'Taillow', 40, 55, 30, 30, 30, 85, 270),
(307, 277, 26, null, 0, 'Swellow', 60, 85, 60, 50, 50, 125, 430),
(308, 278, 27, null, 0, 'Wingull', 40, 30, 30, 55, 30, 85, 270),
(309, 279, 28, null, 0, 'Pelipper', 60, 50, 100, 85, 70, 65, 430),
(310, 280, 29, null, 0, 'Ralts', 28, 25, 25, 45, 35, 40, 198),
(311, 281, 30, null, 0, 'Kirlia', 38, 35, 35, 65, 55, 50, 278),
(312, 282, 31, null, 0, 'Gardevoir', 68, 65, 65, 125, 115, 80, 518),
(313, 282, 31, null, 0, 'Mega Gardevoir', 68, 85, 65, 165, 135, 100, 618),
(314, 283, 33, null, 0, 'Surskit', 40, 30, 32, 50, 52, 65, 269),
(315, 284, 34, null, 0, 'Masquerain', 70, 60, 62, 80, 82, 60, 414),
(316, 285, 35, null, 0, 'Shroomish', 60, 40, 60, 40, 60, 35, 295),
(317, 286, 36, null, 0, 'Breloom', 60, 130, 80, 60, 60, 70, 460),
(318, 287, 37, null, 0, 'Slakoth', 60, 60, 60, 35, 35, 30, 280),
(319, 288, 38, null, 0, 'Vigoroth', 80, 80, 80, 55, 55, 90, 440),
(320, 289, 39, null, 0, 'Slaking', 150, 160, 100, 95, 65, 100, 670),
(321, 290, 43, null, 0, 'Nincada', 31, 45, 90, 30, 30, 40, 266),
(322, 291, 44, null, 0, 'Ninjask', 61, 90, 45, 50, 50, 160, 456),
(323, 292, 45, null, 0, 'Shedinja', 1, 90, 45, 30, 30, 40, 236),
(324, 293, 46, null, 0, 'Whismur', 64, 51, 23, 51, 23, 28, 240),
(325, 294, 47, null, 0, 'Loudred', 84, 71, 43, 71, 43, 48, 360),
(326, 295, 48, null, 0, 'Exploud', 104, 91, 63, 91, 73, 68, 490),
(327, 296, 49, null, 0, 'Makuhita', 72, 60, 30, 20, 30, 25, 237),
(328, 297, 50, null, 0, 'Hariyama', 144, 120, 60, 40, 60, 50, 474),
(329, 298, 55, null, 0, 'Azurill', 50, 20, 40, 20, 40, 20, 190),
(330, 299, 61, null, 0, 'Nosepass', 30, 45, 135, 45, 90, 30, 375),
(331, 300, 63, null, 0, 'Skitty', 50, 45, 45, 35, 35, 50, 260),
(332, 301, 64, null, 0, 'Delcatty', 70, 65, 65, 55, 55, 70, 380),
(333, 302, 70, null, 0, 'Sableye', 50, 75, 75, 65, 65, 50, 380),
(334, 302, 70, null, 0, 'Mega Sableye', 50, 85, 125, 85, 115, 20, 480),
(335, 303, 71, null, 0, 'Mawile', 50, 85, 85, 55, 55, 50, 380),
(336, 303, 71, null, 0, 'Mega Mawile', 50, 105, 125, 55, 95, 50, 480),
(337, 304, 72, null, 0, 'Aron', 50, 70, 100, 40, 40, 30, 330),
(338, 305, 73, null, 0, 'Lairon', 60, 90, 140, 50, 50, 40, 430),
(339, 306, 74, null, 0, 'Aggron', 70, 110, 180, 60, 60, 50, 530),
(340, 306, 74, null, 0, 'Mega Aggron', 70, 140, 230, 60, 80, 50, 630),
(341, 307, 78, null, 0, 'Meditite', 30, 40, 55, 40, 55, 60, 280),
(342, 308, 79, null, 0, 'Medicham', 60, 60, 75, 60, 75, 80, 410),
(343, 308, 79, null, 0, 'Mega Medicham', 60, 100, 85, 80, 85, 100, 510),
(344, 309, 80, null, 0, 'Electrike', 40, 45, 40, 65, 40, 65, 295),
(345, 310, 81, null, 0, 'Manectric', 70, 75, 60, 105, 60, 105, 475),
(346, 310, 81, null, 0, 'Mega Manectric', 70, 75, 80, 135, 80, 135, 575),
(347, 311, 82, null, 0, 'Plusle', 60, 50, 40, 85, 75, 95, 405),
(348, 312, 83, null, 0, 'Minun', 60, 40, 50, 75, 85, 95, 405),
(349, 313, 89, null, 0, 'Volbeat', 65, 73, 55, 47, 75, 85, 400),
(350, 314, 90, null, 0, 'Illumise', 65, 47, 55, 73, 75, 85, 400),
(351, 315, 98, null, 0, 'Roselia', 50, 60, 45, 100, 80, 65, 400),
(352, 316, 100, null, 0, 'Gulpin', 70, 43, 53, 43, 53, 40, 302),
(353, 317, 101, null, 0, 'Swalot', 100, 73, 83, 73, 83, 55, 467),
(354, 318, 102, null, 0, 'Carvanha', 45, 90, 20, 65, 20, 65, 305),
(355, 319, 103, null, 0, 'Sharpedo', 70, 120, 40, 95, 40, 95, 460),
(356, 319, 103, null, 0, 'Mega Sharpedo', 70, 140, 70, 110, 65, 105, 560),
(357, 320, 104, null, 0, 'Wailmer', 130, 70, 35, 70, 35, 60, 400),
(358, 321, 105, null, 0, 'Wailord', 170, 90, 45, 90, 45, 60, 500),
(359, 322, 106, null, 0, 'Numel', 60, 60, 40, 65, 45, 35, 305),
(360, 323, 107, null, 0, 'Camerupt', 70, 100, 70, 105, 75, 40, 460),
(361, 323, 107, null, 0, 'Mega Camerupt', 70, 120, 100, 145, 105, 20, 560),
(362, 324, 110, null, 0, 'Torkoal', 70, 85, 140, 85, 70, 20, 470),
(363, 325, 115, null, 0, 'Spoink', 60, 25, 35, 70, 80, 60, 330),
(364, 326, 116, null, 0, 'Grumpig', 80, 45, 65, 90, 110, 80, 470),
(365, 327, 119, null, 0, 'Spinda', 60, 60, 60, 60, 60, 60, 360),
(366, 328, 121, null, 0, 'Trapinch', 45, 100, 45, 45, 45, 10, 290),
(367, 329, 122, null, 0, 'Vibrava', 50, 70, 50, 50, 50, 70, 340),
(368, 330, 123, null, 0, 'Flygon', 80, 100, 80, 80, 80, 100, 520),
(369, 331, 124, null, 0, 'Cacnea', 50, 85, 40, 85, 40, 35, 335),
(370, 332, 125, null, 0, 'Cacturne', 70, 115, 60, 115, 60, 55, 475),
(371, 333, 126, null, 0, 'Swablu', 45, 40, 60, 40, 75, 50, 310),
(372, 334, 127, null, 0, 'Altaria', 75, 70, 90, 70, 105, 80, 490),
(373, 334, 127, null, 0, 'Mega Altaria', 75, 110, 110, 110, 105, 80, 590),
(374, 335, 128, null, 0, 'Zangoose', 73, 115, 60, 60, 60, 90, 458),
(375, 336, 129, null, 0, 'Seviper', 73, 100, 60, 100, 60, 65, 458),
(376, 337, 130, null, 0, 'Lunatone', 70, 55, 65, 95, 85, 70, 440),
(377, 338, 131, null, 0, 'Solrock', 70, 95, 85, 55, 65, 70, 440),
(378, 339, 132, null, 0, 'Barboach', 50, 48, 43, 46, 41, 60, 288),
(379, 340, 133, null, 0, 'Whiscash', 110, 78, 73, 76, 71, 60, 468),
(380, 341, 134, null, 0, 'Corphish', 43, 80, 65, 50, 35, 35, 308),
(381, 342, 135, null, 0, 'Crawdaunt', 63, 120, 85, 90, 55, 55, 468),
(382, 343, 136, null, 0, 'Baltoy', 40, 40, 55, 40, 70, 55, 300),
(383, 344, 137, null, 0, 'Claydol', 60, 70, 105, 70, 120, 75, 500),
(384, 345, 138, null, 0, 'Lileep', 66, 41, 77, 61, 87, 23, 355),
(385, 346, 139, null, 0, 'Cradily', 86, 81, 97, 81, 107, 43, 495),
(386, 347, 140, null, 0, 'Anorith', 45, 95, 50, 40, 50, 75, 355),
(387, 348, 141, null, 0, 'Armaldo', 75, 125, 100, 70, 80, 45, 495),
(388, 349, 145, null, 0, 'Feebas', 20, 15, 20, 10, 55, 80, 200),
(389, 350, 146, null, 0, 'Milotic', 95, 60, 79, 100, 125, 81, 540),
(390, 351, 147, null, 0, 'Castform', 70, 70, 70, 70, 70, 70, 420),
(391, 351, 147, null, 0, 'Castform (Sunny Form)', 70, 70, 70, 70, 70, 70, 420),
(392, 351, 147, null, 0, 'Castform (Rainy Form)', 70, 70, 70, 70, 70, 70, 420),
(393, 351, 147, null, 0, 'Castform (Snowy Form)', 70, 70, 70, 70, 70, 70, 420),
(394, 352, 150, null, 0, 'Kecleon', 60, 90, 70, 60, 120, 40, 440),
(395, 353, 151, null, 0, 'Shuppet', 44, 75, 35, 63, 33, 45, 295),
(396, 354, 152, null, 0, 'Banette', 64, 115, 65, 83, 63, 65, 455),
(397, 354, 152, null, 0, 'Mega Banette', 64, 165, 75, 93, 83, 75, 555),
(398, 355, 153, null, 0, 'Duskull', 20, 40, 90, 30, 90, 25, 295),
(399, 356, 154, null, 0, 'Dusclops', 40, 70, 130, 60, 130, 25, 455),
(400, 357, 156, null, 0, 'Tropius', 99, 68, 83, 72, 87, 51, 460),
(401, 358, 158, null, 0, 'Chimecho', 65, 50, 70, 95, 80, 65, 425),
(402, 359, 159, null, 0, 'Absol', 65, 130, 60, 75, 60, 75, 465),
(403, 359, 159, null, 0, 'Mega Absol', 65, 150, 60, 115, 60, 115, 565),
(404, 360, 167, null, 0, 'Wynaut', 95, 23, 48, 23, 48, 23, 260),
(405, 361, 179, null, 0, 'Snorunt', 50, 50, 50, 50, 50, 50, 300),
(406, 362, 180, null, 0, 'Glalie', 80, 80, 80, 80, 80, 80, 480),
(407, 362, 180, null, 0, 'Mega Glalie', 80, 120, 80, 120, 80, 100, 580),
(408, 363, 182, null, 0, 'Spheal', 70, 40, 50, 55, 50, 25, 290),
(409, 364, 183, null, 0, 'Sealeo', 90, 60, 70, 75, 70, 45, 410),
(410, 365, 184, null, 0, 'Walrein', 110, 80, 90, 95, 90, 65, 530),
(411, 366, 185, null, 0, 'Clamperl', 35, 64, 85, 74, 55, 32, 345),
(412, 367, 186, null, 0, 'Huntail', 55, 104, 105, 94, 75, 52, 485),
(413, 368, 187, null, 0, 'Gorebyss', 55, 84, 105, 114, 75, 52, 485),
(414, 369, 188, null, 0, 'Relicanth', 100, 90, 130, 45, 65, 55, 485),
(415, 370, 192, null, 0, 'Luvdisc', 43, 30, 55, 40, 65, 97, 330),
(416, 371, 196, null, 0, 'Bagon', 45, 75, 60, 40, 30, 50, 300),
(417, 372, 197, null, 0, 'Shelgon', 65, 95, 100, 60, 50, 50, 420),
(418, 373, 198, null, 0, 'Salamence', 95, 135, 80, 110, 80, 100, 600),
(419, 373, 198, null, 0, 'Mega Salamence', 95, 145, 130, 120, 90, 120, 700),
(420, 374, 199, null, 0, 'Beldum', 40, 55, 80, 35, 60, 30, 300),
(421, 375, 200, null, 0, 'Metang', 60, 75, 100, 55, 80, 50, 420),
(422, 376, 201, null, 0, 'Metagross', 80, 135, 130, 95, 90, 70, 600),
(423, 376, 201, null, 0, 'Mega Metagross', 80, 145, 150, 105, 110, 110, 700),
(424, 377, 202, null, 0, 'Regirock', 80, 100, 200, 50, 100, 50, 580),
(425, 378, 203, null, 0, 'Regice', 80, 50, 100, 100, 200, 50, 580),
(426, 379, 204, null, 0, 'Registeel', 80, 75, 150, 75, 150, 50, 580),
(427, 380, 205, null, 0, 'Latias', 80, 80, 90, 110, 130, 110, 600),
(428, 380, 205, null, 0, 'Mega Latias', 80, 100, 120, 140, 150, 110, 700),
(429, 381, 206, null, 0, 'Latios', 80, 90, 80, 130, 110, 110, 600),
(430, 381, 206, null, 0, 'Mega Latios', 80, 130, 100, 160, 120, 110, 700),
(431, 382, 207, null, 0, 'Kyogre', 100, 100, 90, 150, 140, 90, 670),
(432, 382, 207, null, 0, 'Primal Kyogre', 100, 150, 90, 180, 160, 90, 770),
(433, 383, 208, null, 0, 'Groudon', 100, 150, 140, 100, 90, 90, 670),
(434, 383, 208, null, 0, 'Primal Groudon', 100, 180, 160, 150, 90, 90, 770),
(435, 384, 209, null, 0, 'Rayquaza', 105, 150, 90, 150, 90, 95, 680),
(436, 384, 209, null, 0, 'Mega Rayquaza', 105, 180, 100, 180, 100, 115, 780),
(437, 385, 210, null, 0, 'Jirachi', 100, 100, 100, 100, 100, 100, 600),
(438, 386, 211, null, 0, 'Deoxys', 50, 150, 50, 150, 50, 150, 600),
(439, 386, 211, null, 0, 'Deoxys (Attack Forme)', 50, 180, 20, 180, 20, 150, 600),
(440, 386, 211, null, 0, 'Deoxys (Defense Forme)', 50, 70, 160, 70, 160, 90, 600),
(441, 386, 211, null, 0, 'Deoxys (Speed Forme)', 50, 95, 90, 95, 90, 180, 600),
(442, 387, null, 4, 0, 'Turtwig', 55, 68, 64, 45, 55, 31, 318),
(443, 388, null, 4, 0, 'Grotle', 75, 89, 85, 55, 65, 36, 405),
(444, 389, null, 4, 0, 'Torterra', 95, 109, 105, 75, 85, 56, 525),
(445, 390, null, 4, 1, 'Chimchar', 44, 58, 44, 58, 44, 61, 309),
(446, 391, null, 4, 0, 'Monferno', 64, 78, 52, 78, 52, 81, 405),
(447, 392, null, 4, 0, 'Infernape', 76, 104, 71, 104, 71, 108, 534),
(448, 393, null, 4, 0, 'Piplup', 53, 51, 53, 61, 56, 40, 314),
(449, 394, null, 4, 0, 'Prinplup', 64, 66, 68, 81, 76, 50, 405),
(450, 395, null, 4, 0, 'Empoleon', 84, 86, 88, 111, 101, 60, 530),
(451, 396, null, 4, 0, 'Starly', 40, 55, 30, 30, 30, 60, 245),
(452, 397, null, 4, 1, 'Staravia', 55, 75, 50, 40, 40, 80, 340),
(453, 398, null, 4, 0, 'Staraptor', 85, 120, 70, 50, 60, 100, 485),
(454, 399, null, 4, 0, 'Bidoof', 59, 45, 40, 35, 40, 31, 250),
(455, 400, null, 4, 0, 'Bibarel', 79, 85, 60, 55, 60, 71, 410),
(456, 401, null, 4, 0, 'Kricketot', 37, 25, 41, 25, 41, 25, 194),
(457, 402, null, 4, 0, 'Kricketune', 77, 85, 51, 55, 51, 65, 384),
(458, 403, null, 4, 0, 'Shinx', 45, 65, 34, 40, 34, 45, 263),
(459, 404, null, 4, 0, 'Luxio', 60, 85, 49, 60, 49, 60, 363),
(460, 405, null, 4, 0, 'Luxray', 80, 120, 79, 95, 79, 70, 523),
(461, 406, 97, 4, 0, 'Budew', 40, 30, 35, 50, 70, 55, 280),
(462, 407, 99, 4, 0, 'Roserade', 60, 70, 65, 125, 105, 90, 515),
(463, 408, null, 4, 0, 'Cranidos', 67, 125, 40, 30, 30, 58, 350),
(464, 409, null, 4, 0, 'Rampardos', 97, 165, 60, 65, 50, 58, 495),
(465, 410, null, 4, 0, 'Shieldon', 30, 42, 118, 42, 88, 30, 350),
(466, 411, null, 4, 0, 'Bastiodon', 60, 52, 168, 47, 138, 30, 495),
(467, 412, null, 4, 0, 'Burmy', 40, 29, 45, 29, 45, 36, 224),
(468, 413, null, 4, 0, 'Wormadam', 60, 59, 85, 79, 105, 36, 424),
(469, 413, null, 4, 0, 'Wormadam (Sandy Cloak)', 60, 79, 105, 59, 85, 36, 424),
(470, 413, null, 4, 0, 'Wormadam (Trash Cloak)', 60, 69, 95, 69, 95, 36, 424),
(471, 414, null, 4, 0, 'Mothim', 70, 94, 50, 94, 50, 66, 424),
(472, 415, null, 4, 0, 'Combee', 30, 30, 42, 30, 42, 70, 244),
(473, 416, null, 4, 0, 'Vespiquen', 70, 80, 102, 80, 102, 40, 474),
(474, 417, null, 4, 0, 'Pachirisu', 60, 45, 70, 45, 90, 95, 405),
(475, 418, null, 4, 0, 'Buizel', 55, 65, 35, 60, 30, 85, 330),
(476, 419, null, 4, 0, 'Floatzel', 85, 105, 55, 85, 50, 115, 495),
(477, 420, null, 4, 0, 'Cherubi', 45, 35, 45, 62, 53, 35, 275),
(478, 421, null, 4, 0, 'Cherrim', 70, 60, 70, 87, 78, 85, 450),
(479, 421, null, 4, 0, 'Cherrim (Sunshine Form)', 70, 60, 70, 87, 78, 85, 450),
(480, 422, null, 4, 0, 'Shellos', 76, 48, 48, 57, 62, 34, 325),
(481, 423, null, 4, 0, 'Gastrodon', 111, 83, 68, 92, 82, 39, 475),
(482, 424, null, 4, 0, 'Ambipom', 75, 100, 66, 60, 66, 115, 482),
(483, 425, null, 4, 0, 'Drifloon', 90, 50, 34, 60, 44, 70, 348),
(484, 426, null, 4, 0, 'Drifblim', 150, 80, 44, 90, 54, 80, 498),
(485, 427, null, 4, 0, 'Buneary', 55, 66, 44, 44, 56, 85, 350),
(486, 428, null, 4, 0, 'Lopunny', 65, 76, 84, 54, 96, 105, 480),
(487, 428, null, 4, 0, 'Mega Lopunny', 65, 136, 94, 54, 96, 135, 580),
(488, 429, null, 4, 0, 'Mismagius', 60, 60, 60, 105, 105, 105, 495),
(489, 430, null, 4, 0, 'Honchkrow', 100, 125, 52, 105, 52, 71, 505),
(490, 431, null, 4, 0, 'Glameow', 49, 55, 42, 42, 37, 85, 310),
(491, 432, null, 4, 0, 'Purugly', 71, 82, 64, 64, 59, 112, 452),
(492, 433, 157, 4, 0, 'Chingling', 45, 30, 50, 65, 50, 45, 285),
(493, 434, null, 4, 0, 'Stunky', 63, 63, 47, 41, 41, 74, 329),
(494, 435, null, 4, 0, 'Skuntank', 103, 93, 67, 71, 61, 84, 479),
(495, 436, null, 4, 0, 'Bronzor', 57, 24, 86, 24, 86, 23, 300),
(496, 437, null, 4, 0, 'Bronzong', 67, 89, 116, 79, 116, 33, 500),
(497, 438, null, 4, 0, 'Bonsly', 50, 80, 95, 10, 45, 10, 290),
(498, 439, null, 4, 0, 'Mime Jr.', 20, 25, 45, 70, 90, 60, 310),
(499, 440, null, 4, 0, 'Happiny', 100, 5, 5, 15, 65, 30, 220),
(500, 441, null, 4, 0, 'Chatot', 76, 65, 45, 92, 42, 91, 411),
(501, 442, null, null, 0, 'Spiritomb', 50, 92, 108, 92, 108, 35, 485),
(502, 443, null, null, 0, 'Gible', 58, 70, 45, 40, 45, 42, 300),
(503, 444, null, null, 0, 'Gabite', 68, 90, 65, 50, 55, 82, 410),
(504, 445, null, null, 0, 'Garchomp', 108, 130, 95, 80, 85, 102, 600),
(505, 445, null, null, 0, 'Mega Garchomp', 108, 170, 115, 120, 95, 92, 700),
(506, 446, null, null, 0, 'Munchlax', 135, 85, 40, 40, 85, 5, 390),
(507, 447, null, null, 0, 'Riolu', 40, 70, 40, 35, 40, 60, 285),
(508, 448, null, null, 0, 'Lucario', 70, 110, 70, 115, 70, 90, 525),
(509, 448, null, null, 0, 'Mega Lucario', 70, 145, 88, 140, 70, 112, 625),
(510, 449, null, null, 0, 'Hippopotas', 68, 72, 78, 38, 42, 32, 330),
(511, 450, null, null, 0, 'Hippowdon', 108, 112, 118, 68, 72, 47, 525),
(512, 451, null, null, 0, 'Skorupi', 40, 50, 90, 30, 55, 65, 330),
(513, 452, null, null, 0, 'Drapion', 70, 90, 110, 60, 75, 95, 500),
(514, 453, null, null, 0, 'Croagunk', 48, 61, 40, 61, 40, 50, 300),
(515, 454, null, null, 0, 'Toxicroak', 83, 106, 65, 86, 65, 85, 490),
(516, 455, null, null, 0, 'Carnivine', 74, 100, 72, 90, 72, 46, 454),
(517, 456, null, null, 0, 'Finneon', 49, 49, 56, 49, 61, 66, 330),
(518, 457, null, null, 0, 'Lumineon', 69, 69, 76, 69, 86, 91, 460),
(519, 458, null, null, 0, 'Mantyke', 45, 20, 50, 60, 120, 50, 345),
(520, 459, null, null, 0, 'Snover', 60, 62, 50, 62, 60, 40, 334),
(521, 460, null, null, 0, 'Abomasnow', 90, 92, 75, 92, 85, 60, 494),
(522, 460, null, null, 0, 'Mega Abomasnow', 90, 132, 105, 132, 105, 30, 594),
(523, 461, null, null, 0, 'Weavile', 70, 120, 65, 45, 85, 125, 510),
(524, 462, 86, null, 0, 'Magnezone', 70, 70, 115, 130, 90, 60, 535),
(525, 463, null, null, 0, 'Lickilicky', 110, 85, 95, 80, 95, 50, 515),
(526, 464, 178, null, 0, 'Rhyperior', 115, 140, 130, 55, 55, 40, 535),
(527, 465, null, null, 0, 'Tangrowth', 100, 100, 125, 110, 50, 50, 535),
(528, 466, null, null, 0, 'Electivire', 75, 123, 67, 95, 85, 95, 540),
(529, 467, null, null, 0, 'Magmortar', 75, 95, 67, 125, 95, 83, 540),
(530, 468, null, null, 0, 'Togekiss', 85, 50, 95, 120, 115, 80, 545),
(531, 469, null, null, 0, 'Yanmega', 86, 76, 86, 116, 56, 95, 515),
(532, 470, null, null, 0, 'Leafeon', 65, 110, 130, 60, 65, 95, 525),
(533, 471, null, null, 0, 'Glaceon', 65, 60, 110, 130, 95, 65, 525),
(534, 472, null, null, 0, 'Gliscor', 75, 95, 125, 45, 75, 95, 510),
(535, 473, null, null, 0, 'Mamoswine', 110, 130, 80, 70, 60, 80, 530),
(536, 474, null, null, 0, 'PorygonNULLZ', 85, 80, 70, 135, 75, 90, 535),
(537, 475, 32, null, 0, 'Gallade', 68, 125, 65, 65, 115, 80, 518),
(538, 475, 32, null, 0, 'Mega Gallade', 68, 165, 95, 65, 115, 110, 618),
(539, 476, 62, null, 0, 'Probopass', 60, 55, 145, 75, 150, 40, 525),
(540, 477, 155, null, 0, 'Dusknoir', 45, 100, 135, 65, 135, 45, 525),
(541, 478, 181, null, 0, 'Froslass', 70, 80, 70, 80, 70, 110, 480),
(542, 479, null, null, 0, 'Rotom', 50, 50, 77, 95, 77, 91, 440),
(543, 479, null, null, 0, 'Rotom (Heat Rotom)', 50, 65, 107, 105, 107, 86, 520),
(544, 479, null, null, 0, 'Rotom (Wash Rotom)', 50, 65, 107, 105, 107, 86, 520),
(545, 479, null, null, 0, 'Rotom (Frost Rotom)', 50, 65, 107, 105, 107, 86, 520),
(546, 479, null, null, 0, 'Rotom (Fan Rotom)', 50, 65, 107, 105, 107, 86, 520),
(547, 479, null, null, 0, 'Rotom (Mow Rotom)', 50, 65, 107, 105, 107, 86, 520),
(548, 480, null, null, 0, 'Uxie', 75, 75, 130, 75, 130, 95, 580),
(549, 481, null, null, 0, 'Mesprit', 80, 105, 105, 105, 105, 80, 580),
(550, 482, null, null, 0, 'Azelf', 75, 125, 70, 125, 70, 115, 580),
(551, 483, null, null, 0, 'Dialga', 100, 120, 120, 150, 100, 90, 680),
(552, 484, null, null, 0, 'Palkia', 90, 120, 100, 150, 120, 100, 680),
(553, 485, null, null, 0, 'Heatran', 91, 90, 106, 130, 106, 77, 600),
(554, 486, null, null, 0, 'Regigigas', 110, 160, 110, 80, 110, 100, 670),
(555, 487, null, null, 0, 'Giratina', 150, 100, 120, 100, 120, 90, 680),
(556, 487, null, null, 0, 'Giratina (Origin Forme)', 150, 120, 100, 120, 100, 90, 680),
(557, 488, null, null, 0, 'Cresselia', 120, 70, 120, 75, 130, 85, 600),
(558, 489, null, null, 0, 'Phione', 80, 80, 80, 80, 80, 80, 480),
(559, 490, null, null, 0, 'Manaphy', 100, 100, 100, 100, 100, 100, 600),
(560, 491, null, null, 0, 'Darkrai', 70, 90, 90, 135, 90, 125, 600),
(561, 492, null, null, 0, 'Shaymin', 100, 100, 100, 100, 100, 100, 600),
(562, 492, null, null, 0, 'Shaymin (Sky Forme)', 100, 103, 75, 120, 75, 127, 600),
(563, 493, null, null, 0, 'Arceus', 120, 120, 120, 120, 120, 120, 720),
(564, 494, null, null, 0, 'Victini', 100, 100, 100, 100, 100, 100, 600),
(565, 495, null, null, 0, 'Snivy', 45, 45, 55, 45, 55, 63, 308),
(566, 496, null, null, 0, 'Servine', 60, 60, 75, 60, 75, 83, 413),
(567, 497, null, null, 0, 'Serperior', 75, 75, 95, 75, 95, 113, 528),
(568, 498, null, null, 0, 'Tepig', 65, 63, 45, 45, 45, 45, 308),
(569, 499, null, null, 0, 'Pignite', 90, 93, 55, 70, 55, 55, 418),
(570, 500, null, null, 0, 'Emboar', 110, 123, 65, 100, 65, 65, 528),
(571, 501, null, null, 0, 'Oshawott', 55, 55, 45, 63, 45, 45, 308),
(572, 502, null, null, 0, 'Dewott', 75, 75, 60, 83, 60, 60, 413),
(573, 503, null, null, 0, 'Samurott', 95, 100, 85, 108, 70, 70, 528),
(574, 504, null, null, 0, 'Patrat', 45, 55, 39, 35, 39, 42, 255),
(575, 505, null, null, 0, 'Watchog', 60, 85, 69, 60, 69, 77, 420),
(576, 506, null, null, 0, 'Lillipup', 45, 60, 45, 25, 45, 55, 275),
(577, 507, null, null, 0, 'Herdier', 65, 80, 65, 35, 65, 60, 370),
(578, 508, null, null, 0, 'Stoutland', 85, 110, 90, 45, 90, 80, 500),
(579, 509, null, null, 0, 'Purrloin', 41, 50, 37, 50, 37, 66, 281),
(580, 510, null, null, 0, 'Liepard', 64, 88, 50, 88, 50, 106, 446),
(581, 511, null, null, 0, 'Pansage', 50, 53, 48, 53, 48, 64, 316),
(582, 512, null, null, 0, 'Simisage', 75, 98, 63, 98, 63, 101, 498),
(583, 513, null, null, 0, 'Pansear', 50, 53, 48, 53, 48, 64, 316),
(584, 514, null, null, 0, 'Simisear', 75, 98, 63, 98, 63, 101, 498),
(585, 515, null, null, 0, 'Panpour', 50, 53, 48, 53, 48, 64, 316),
(586, 516, null, null, 0, 'Simipour', 75, 98, 63, 98, 63, 101, 498),
(587, 517, null, null, 0, 'Munna', 76, 25, 45, 67, 55, 24, 292),
(588, 518, null, null, 0, 'Musharna', 116, 55, 85, 107, 95, 29, 487),
(589, 519, null, null, 0, 'Pidove', 50, 55, 50, 36, 30, 43, 264),
(590, 520, null, null, 0, 'Tranquill', 62, 77, 62, 50, 42, 65, 358),
(591, 521, null, null, 0, 'Unfezant', 80, 115, 80, 65, 55, 93, 488),
(592, 522, null, null, 0, 'Blitzle', 45, 60, 32, 50, 32, 76, 295),
(593, 523, null, null, 0, 'Zebstrika', 75, 100, 63, 80, 63, 116, 497),
(594, 524, null, null, 0, 'Roggenrola', 55, 75, 85, 25, 25, 15, 280),
(595, 525, null, null, 0, 'Boldore', 70, 105, 105, 50, 40, 20, 390),
(596, 526, null, null, 0, 'Gigalith', 85, 135, 130, 60, 80, 25, 515),
(597, 527, null, null, 0, 'Woobat', 55, 45, 43, 55, 43, 72, 313),
(598, 528, null, null, 0, 'Swoobat', 67, 57, 55, 77, 55, 114, 425),
(599, 529, null, null, 0, 'Drilbur', 60, 85, 40, 30, 45, 68, 328),
(600, 530, null, null, 0, 'Excadrill', 110, 135, 60, 50, 65, 88, 508),
(601, 531, null, null, 0, 'Audino', 103, 60, 86, 60, 86, 50, 445),
(602, 531, null, null, 0, 'Mega Audino', 103, 60, 126, 80, 126, 50, 545),
(603, 532, null, null, 0, 'Timburr', 75, 80, 55, 25, 35, 35, 305),
(604, 533, null, null, 0, 'Gurdurr', 85, 105, 85, 40, 50, 40, 405),
(605, 534, null, null, 0, 'Conkeldurr', 105, 140, 95, 55, 65, 45, 505),
(606, 535, null, null, 0, 'Tympole', 50, 50, 40, 50, 40, 64, 294),
(607, 536, null, null, 0, 'Palpitoad', 75, 65, 55, 65, 55, 69, 384),
(608, 537, null, null, 0, 'Seismitoad', 105, 95, 75, 85, 75, 74, 509),
(609, 538, null, null, 0, 'Throh', 120, 100, 85, 30, 85, 45, 465),
(610, 539, null, null, 0, 'Sawk', 75, 125, 75, 30, 75, 85, 465),
(611, 540, null, null, 0, 'Sewaddle', 45, 53, 70, 40, 60, 42, 310),
(612, 541, null, null, 0, 'Swadloon', 55, 63, 90, 50, 80, 42, 380),
(613, 542, null, null, 0, 'Leavanny', 75, 103, 80, 70, 80, 92, 500),
(614, 543, null, null, 0, 'Venipede', 30, 45, 59, 30, 39, 57, 260),
(615, 544, null, null, 0, 'Whirlipede', 40, 55, 99, 40, 79, 47, 360),
(616, 545, null, null, 0, 'Scolipede', 60, 100, 89, 55, 69, 112, 485),
(617, 546, null, null, 0, 'Cottonee', 40, 27, 60, 37, 50, 66, 280),
(618, 547, null, null, 0, 'Whimsicott', 60, 67, 85, 77, 75, 116, 480),
(619, 548, null, null, 0, 'Petilil', 45, 35, 50, 70, 50, 30, 280),
(620, 549, null, null, 0, 'Lilligant', 70, 60, 75, 110, 75, 90, 480),
(621, 550, null, null, 0, 'Basculin', 70, 92, 65, 80, 55, 98, 460),
(622, 550, null, null, 0, 'Basculin (BlueNULLStriped Form)', 70, 92, 65, 80, 55, 98, 460),
(623, 551, null, null, 0, 'Sandile', 50, 72, 35, 35, 35, 65, 292),
(624, 552, null, null, 0, 'Krokorok', 60, 82, 45, 45, 45, 74, 351),
(625, 553, null, null, 0, 'Krookodile', 95, 117, 80, 65, 70, 92, 519),
(626, 554, null, null, 0, 'Darumaka', 70, 90, 45, 15, 45, 50, 315),
(627, 555, null, null, 0, 'Darmanitan', 105, 140, 55, 30, 55, 95, 480),
(628, 555, null, null, 0, 'Darmanitan (Zen Mode)', 105, 30, 105, 140, 105, 55, 540),
(629, 556, null, null, 0, 'Maractus', 75, 86, 67, 106, 67, 60, 461),
(630, 557, null, null, 0, 'Dwebble', 50, 65, 85, 35, 35, 55, 325),
(631, 558, null, null, 0, 'Crustle', 70, 95, 125, 65, 75, 45, 475),
(632, 559, null, null, 0, 'Scraggy', 50, 75, 70, 35, 70, 48, 348),
(633, 560, null, null, 0, 'Scrafty', 65, 90, 115, 45, 115, 58, 488),
(634, 561, null, null, 0, 'Sigilyph', 72, 58, 80, 103, 80, 97, 490),
(635, 562, null, null, 0, 'Yamask', 38, 30, 85, 55, 65, 30, 303),
(636, 563, null, null, 0, 'Cofagrigus', 58, 50, 145, 95, 105, 30, 483),
(637, 564, null, null, 0, 'Tirtouga', 54, 78, 103, 53, 45, 22, 355),
(638, 565, null, null, 0, 'Carracosta', 74, 108, 133, 83, 65, 32, 495),
(639, 566, null, null, 0, 'Archen', 55, 112, 45, 74, 45, 70, 401),
(640, 567, null, null, 0, 'Archeops', 75, 140, 65, 112, 65, 110, 567),
(641, 568, null, null, 0, 'Trubbish', 50, 50, 62, 40, 62, 65, 329),
(642, 569, null, null, 0, 'Garbodor', 80, 95, 82, 60, 82, 75, 474),
(643, 570, null, null, 0, 'Zorua', 40, 65, 40, 80, 40, 65, 330),
(644, 571, null, null, 0, 'Zoroark', 60, 105, 60, 120, 60, 105, 510),
(645, 572, null, null, 0, 'Minccino', 55, 50, 40, 40, 40, 75, 300),
(646, 573, null, null, 0, 'Cinccino', 75, 95, 60, 65, 60, 115, 470),
(647, 574, null, null, 0, 'Gothita', 45, 30, 50, 55, 65, 45, 290),
(648, 575, null, null, 0, 'Gothorita', 60, 45, 70, 75, 85, 55, 390),
(649, 576, null, null, 0, 'Gothitelle', 70, 55, 95, 95, 110, 65, 490),
(650, 577, null, null, 0, 'Solosis', 45, 30, 40, 105, 50, 20, 290),
(651, 578, null, null, 0, 'Duosion', 65, 40, 50, 125, 60, 30, 370),
(652, 579, null, null, 0, 'Reuniclus', 110, 65, 75, 125, 85, 30, 490),
(653, 580, null, null, 0, 'Ducklett', 62, 44, 50, 44, 50, 55, 305),
(654, 581, null, null, 0, 'Swanna', 75, 87, 63, 87, 63, 98, 473),
(655, 582, null, null, 0, 'Vanillite', 36, 50, 50, 65, 60, 44, 305),
(656, 583, null, null, 0, 'Vanillish', 51, 65, 65, 80, 75, 59, 395),
(657, 584, null, null, 0, 'Vanilluxe', 71, 95, 85, 110, 95, 79, 535),
(658, 585, null, null, 0, 'Deerling', 60, 60, 50, 40, 50, 75, 335),
(659, 586, null, null, 0, 'Sawsbuck', 80, 100, 70, 60, 70, 95, 475),
(660, 587, null, null, 0, 'Emolga', 55, 75, 60, 75, 60, 103, 428),
(661, 588, null, null, 0, 'Karrablast', 50, 75, 45, 40, 45, 60, 315),
(662, 589, null, null, 0, 'Escavalier', 70, 135, 105, 60, 105, 20, 495),
(663, 590, null, null, 0, 'Foongus', 69, 55, 45, 55, 55, 15, 294),
(664, 591, null, null, 0, 'Amoonguss', 114, 85, 70, 85, 80, 30, 464),
(665, 592, null, null, 0, 'Frillish', 55, 40, 50, 65, 85, 40, 335),
(666, 593, null, null, 0, 'Jellicent', 100, 60, 70, 85, 105, 60, 480),
(667, 594, null, null, 0, 'Alomomola', 165, 75, 80, 40, 45, 65, 470),
(668, 595, null, null, 0, 'Joltik', 50, 47, 50, 57, 50, 65, 319),
(669, 596, null, null, 0, 'Galvantula', 70, 77, 60, 97, 60, 108, 472),
(670, 597, null, null, 0, 'Ferroseed', 44, 50, 91, 24, 86, 10, 305),
(671, 598, null, null, 0, 'Ferrothorn', 74, 94, 131, 54, 116, 20, 489),
(672, 599, null, null, 0, 'Klink', 40, 55, 70, 45, 60, 30, 300),
(673, 600, null, null, 0, 'Klang', 60, 80, 95, 70, 85, 50, 440),
(674, 601, null, null, 0, 'Klinklang', 60, 100, 115, 70, 85, 90, 520),
(675, 602, null, null, 0, 'Tynamo', 35, 55, 40, 45, 40, 60, 275),
(676, 603, null, null, 0, 'Eelektrik', 65, 85, 70, 75, 70, 40, 405),
(677, 604, null, null, 0, 'Eelektross', 85, 115, 80, 105, 80, 50, 515),
(678, 605, null, null, 0, 'Elgyem', 55, 55, 55, 85, 55, 30, 335),
(679, 606, null, null, 0, 'Beheeyem', 75, 75, 75, 125, 95, 40, 485),
(680, 607, null, null, 0, 'Litwick', 50, 30, 55, 65, 55, 20, 275),
(681, 608, null, null, 0, 'Lampent', 60, 40, 60, 95, 60, 55, 370),
(682, 609, null, null, 0, 'Chandelure', 60, 55, 90, 145, 90, 80, 520),
(683, 610, null, null, 0, 'Axew', 46, 87, 60, 30, 40, 57, 320),
(684, 611, null, null, 0, 'Fraxure', 66, 117, 70, 40, 50, 67, 410),
(685, 612, null, null, 0, 'Haxorus', 76, 147, 90, 60, 70, 97, 540),
(686, 613, null, null, 0, 'Cubchoo', 55, 70, 40, 60, 40, 40, 305),
(687, 614, null, null, 0, 'Beartic', 95, 110, 80, 70, 80, 50, 485),
(688, 615, null, null, 0, 'Cryogonal', 70, 50, 30, 95, 135, 105, 485),
(689, 616, null, null, 0, 'Shelmet', 50, 40, 85, 40, 65, 25, 305),
(690, 617, null, null, 0, 'Accelgor', 80, 70, 40, 100, 60, 145, 495),
(691, 618, null, null, 0, 'Stunfisk', 109, 66, 84, 81, 99, 32, 471),
(692, 619, null, null, 0, 'Mienfoo', 45, 85, 50, 55, 50, 65, 350),
(693, 620, null, null, 0, 'Mienshao', 65, 125, 60, 95, 60, 105, 510),
(694, 621, null, null, 0, 'Druddigon', 77, 120, 90, 60, 90, 48, 485),
(695, 622, null, null, 0, 'Golett', 59, 74, 50, 35, 50, 35, 303),
(696, 623, null, null, 0, 'Golurk', 89, 124, 80, 55, 80, 55, 483),
(697, 624, null, null, 0, 'Pawniard', 45, 85, 70, 40, 40, 60, 340),
(698, 625, null, null, 0, 'Bisharp', 65, 125, 100, 60, 70, 70, 490),
(699, 626, null, null, 0, 'Bouffalant', 95, 110, 95, 40, 95, 55, 490),
(700, 627, null, null, 0, 'Rufflet', 70, 83, 50, 37, 50, 60, 350),
(701, 628, null, null, 0, 'Braviary', 100, 123, 75, 57, 75, 80, 510),
(702, 629, null, null, 0, 'Vullaby', 70, 55, 75, 45, 65, 60, 370),
(703, 630, null, null, 0, 'Mandibuzz', 110, 65, 105, 55, 95, 80, 510),
(704, 631, null, null, 0, 'Heatmor', 85, 97, 66, 105, 66, 65, 484),
(705, 632, null, null, 0, 'Durant', 58, 109, 112, 48, 48, 109, 484),
(706, 633, null, null, 0, 'Deino', 52, 65, 50, 45, 50, 38, 300),
(707, 634, null, null, 0, 'Zweilous', 72, 85, 70, 65, 70, 58, 420),
(708, 635, null, null, 0, 'Hydreigon', 92, 105, 90, 125, 90, 98, 600),
(709, 636, null, null, 0, 'Larvesta', 55, 85, 55, 50, 55, 60, 360),
(710, 637, null, null, 0, 'Volcarona', 85, 60, 65, 135, 105, 100, 550),
(711, 638, null, null, 0, 'Cobalion', 91, 90, 129, 90, 72, 108, 580),
(712, 639, null, null, 0, 'Terrakion', 91, 129, 90, 72, 90, 108, 580),
(713, 640, null, null, 0, 'Virizion', 91, 90, 72, 90, 129, 108, 580),
(714, 641, null, null, 0, 'Tornadus', 79, 115, 70, 125, 80, 111, 580),
(715, 641, null, null, 0, 'Tornadus (Therian Forme)', 79, 100, 80, 110, 90, 121, 580),
(716, 642, null, null, 0, 'Thundurus', 79, 115, 70, 125, 80, 111, 580),
(717, 642, null, null, 0, 'Thundurus (Therian Forme)', 79, 105, 70, 145, 80, 101, 580),
(718, 643, null, null, 0, 'Reshiram', 100, 120, 100, 150, 120, 90, 680),
(719, 644, null, null, 0, 'Zekrom', 100, 150, 120, 120, 100, 90, 680),
(720, 645, null, null, 0, 'Landorus', 89, 125, 90, 115, 80, 101, 600),
(721, 645, null, null, 0, 'Landorus (Therian Forme)', 89, 145, 90, 105, 80, 91, 600),
(722, 646, null, null, 0, 'Kyurem', 125, 130, 90, 130, 90, 95, 660),
(723, 646, null, null, 0, 'Kyurem (White Kyurem)', 125, 120, 90, 170, 100, 95, 700),
(724, 646, null, null, 0, 'Kyurem (Black Kyurem)', 125, 170, 100, 120, 90, 95, 700),
(725, 647, null, null, 0, 'Keldeo', 91, 72, 90, 129, 90, 108, 580),
(726, 647, null, null, 0, 'Keldeo (Resolute Form)', 91, 72, 90, 129, 90, 108, 580),
(727, 648, null, null, 0, 'Meloetta', 100, 77, 77, 128, 128, 90, 600),
(728, 648, null, null, 0, 'Meloetta (Pirouette Forme)', 100, 128, 90, 77, 77, 128, 600),
(729, 649, null, null, 0, 'Genesect', 71, 120, 95, 120, 95, 99, 600),
(730, 650, null, null, 0, 'Chespin', 56, 61, 65, 48, 45, 38, 313),
(731, 651, null, null, 0, 'Quilladin', 61, 78, 95, 56, 58, 57, 405),
(732, 652, null, null, 0, 'Chesnaught', 88, 107, 122, 74, 75, 64, 530),
(733, 653, null, null, 0, 'Fennekin', 40, 45, 40, 62, 60, 60, 307),
(734, 654, null, null, 0, 'Braixen', 59, 59, 58, 90, 70, 73, 409),
(735, 655, null, null, 0, 'Delphox', 75, 69, 72, 114, 100, 104, 534),
(736, 656, null, null, 0, 'Froakie', 41, 56, 40, 62, 44, 71, 314),
(737, 657, null, null, 0, 'Frogadier', 54, 63, 52, 83, 56, 97, 405),
(738, 658, null, null, 0, 'Greninja', 72, 95, 67, 103, 71, 122, 530),
(739, 659, null, null, 0, 'Bunnelby', 38, 36, 38, 32, 36, 57, 237),
(740, 660, null, null, 0, 'Diggersby', 85, 56, 77, 50, 77, 78, 423),
(741, 661, null, null, 0, 'Fletchling', 45, 50, 43, 40, 38, 62, 278),
(742, 662, null, null, 0, 'Fletchinder', 62, 73, 55, 56, 52, 84, 382),
(743, 663, null, null, 0, 'Talonflame', 78, 81, 71, 74, 69, 126, 499),
(744, 664, null, null, 0, 'Scatterbug', 38, 35, 40, 27, 25, 35, 200),
(745, 665, null, null, 0, 'Spewpa', 45, 22, 60, 27, 30, 29, 213),
(746, 666, null, null, 0, 'Vivillon', 80, 52, 50, 90, 50, 89, 411),
(747, 667, null, null, 0, 'Litleo', 62, 50, 58, 73, 54, 72, 369),
(748, 668, null, null, 0, 'Pyroar', 86, 68, 72, 109, 66, 106, 507),
(749, 669, null, null, 0, 'Flabébé', 44, 38, 39, 61, 79, 42, 303),
(750, 670, null, null, 0, 'Floette', 54, 45, 47, 75, 98, 52, 371),
(751, 670, null, null, 0, 'Floette (Eternal Flower)', 74, 65, 67, 125, 128, 92, 551),
(752, 670, null, null, 0, 'Floette (Yellow Flower)', 54, 45, 47, 75, 98, 52, 371),
(753, 670, null, null, 0, 'Floette (Orange Flower)', 54, 45, 47, 75, 98, 52, 371),
(754, 670, null, null, 0, 'Floette (Blue Flower)', 54, 45, 47, 75, 98, 52, 371),
(755, 670, null, null, 0, 'Floette (White Flower)', 54, 45, 47, 75, 98, 52, 371),
(756, 671, null, null, 0, 'Florges', 78, 65, 68, 112, 154, 75, 552),
(757, 672, null, null, 0, 'Skiddo', 66, 65, 48, 62, 57, 52, 350),
(758, 673, null, null, 0, 'Gogoat', 123, 100, 62, 97, 81, 68, 531),
(759, 674, null, null, 0, 'Pancham', 67, 82, 62, 46, 48, 43, 348),
(760, 675, null, null, 0, 'Pangoro', 95, 124, 78, 69, 71, 58, 495),
(761, 676, null, null, 0, 'Furfrou', 75, 80, 60, 65, 90, 102, 472),
(762, 676, null, null, 0, 'Furfrou (Heart Trim)', 75, 80, 60, 65, 90, 102, 472),
(763, 676, null, null, 0, 'Furfrou (Star Trim)', 75, 80, 60, 65, 90, 102, 472),
(764, 676, null, null, 0, 'Furfrou (Diamond Trim)', 75, 80, 60, 65, 90, 102, 472),
(765, 676, null, null, 0, 'Furfrou (Debutante Trim)', 75, 80, 60, 65, 90, 102, 472),
(766, 676, null, null, 0, 'Furfrou (Matron Trim)', 75, 80, 60, 65, 90, 102, 472),
(767, 676, null, null, 0, 'Furfrou (Dandy Trim)', 75, 80, 60, 65, 90, 102, 472),
(768, 676, null, null, 0, 'Furfrou (La Reine Trim)', 75, 80, 60, 65, 90, 102, 472),
(769, 676, null, null, 0, 'Furfrou (Kabuki Trim)', 75, 80, 60, 65, 90, 102, 472),
(770, 676, null, null, 0, 'Furfrou (Pharaoh Trim)', 75, 80, 60, 65, 90, 102, 472),
(771, 677, null, null, 0, 'Espurr', 62, 48, 54, 63, 60, 68, 355),
(772, 678, null, null, 0, 'Meowstic', 74, 48, 76, 83, 81, 104, 466),
(773, 678, null, null, 0, 'Meowstic (Female)', 74, 48, 76, 83, 81, 104, 466),
(774, 679, null, null, 0, 'Honedge', 45, 80, 100, 35, 37, 28, 325),
(775, 680, null, null, 0, 'Doublade', 59, 110, 150, 45, 49, 35, 448),
(776, 681, null, null, 0, 'Aegislash', 60, 50, 150, 50, 150, 60, 520),
(777, 681, null, null, 0, 'Aegislash (Blade Forme)', 60, 150, 50, 150, 50, 60, 520),
(778, 682, null, null, 0, 'Spritzee', 78, 52, 60, 63, 65, 23, 341),
(779, 683, null, null, 0, 'Aromatisse', 101, 72, 72, 99, 89, 29, 462),
(780, 684, null, null, 0, 'Swirlix', 62, 48, 66, 59, 57, 49, 341),
(781, 685, null, null, 0, 'Slurpuff', 82, 80, 86, 85, 75, 72, 480),
(782, 686, null, null, 0, 'Inkay', 53, 54, 53, 37, 46, 45, 288),
(783, 687, null, null, 0, 'Malamar', 86, 92, 88, 68, 75, 73, 482),
(784, 688, null, null, 0, 'Binacle', 42, 52, 67, 39, 56, 50, 306),
(785, 689, null, null, 0, 'Barbaracle', 72, 105, 115, 54, 86, 68, 500),
(786, 690, null, null, 0, 'Skrelp', 50, 60, 60, 60, 60, 30, 320),
(787, 691, null, null, 0, 'Dragalge', 65, 75, 90, 97, 123, 44, 494),
(788, 692, null, null, 0, 'Clauncher', 50, 53, 62, 58, 63, 44, 330),
(789, 693, null, null, 0, 'Clawitzer', 71, 73, 88, 120, 89, 59, 500),
(790, 694, null, null, 0, 'Helioptile', 44, 38, 33, 61, 43, 70, 289),
(791, 695, null, null, 0, 'Heliolisk', 62, 55, 52, 109, 94, 109, 481),
(792, 696, null, null, 0, 'Tyrunt', 58, 89, 77, 45, 45, 48, 362),
(793, 697, null, null, 0, 'Tyrantrum', 82, 121, 119, 69, 59, 71, 521),
(794, 698, null, null, 0, 'Amaura', 77, 59, 50, 67, 63, 46, 362),
(795, 699, null, null, 0, 'Aurorus', 123, 77, 72, 99, 92, 58, 521),
(796, 700, null, null, 0, 'Sylveon', 95, 65, 65, 110, 130, 60, 525),
(797, 701, null, null, 0, 'Hawlucha', 78, 92, 75, 74, 63, 118, 500),
(798, 702, null, null, 0, 'Dedenne', 67, 58, 57, 81, 67, 101, 431),
(799, 703, null, null, 0, 'Carbink', 50, 50, 150, 50, 150, 50, 500),
(800, 704, null, null, 0, 'Goomy', 45, 50, 35, 55, 75, 40, 300),
(801, 705, null, null, 0, 'Sliggoo', 68, 75, 53, 83, 113, 60, 452),
(802, 706, null, null, 0, 'Goodra', 90, 100, 70, 110, 150, 80, 600),
(803, 707, null, null, 0, 'Klefki', 57, 80, 91, 80, 87, 75, 470),
(804, 708, null, null, 0, 'Phantump', 43, 70, 48, 50, 60, 38, 309),
(805, 709, null, null, 0, 'Trevenant', 85, 110, 76, 65, 82, 56, 474),
(806, 710, null, null, 0, 'Pumpkaboo', 49, 66, 70, 44, 55, 51, 335),
(807, 710, null, null, 0, 'Pumpkaboo (Small Size)', 44, 66, 70, 44, 55, 56, 335),
(808, 710, null, null, 0, 'Pumpkaboo (Large Size)', 54, 66, 70, 44, 55, 46, 335),
(809, 710, null, null, 0, 'Pumpkaboo (Super Size)', 59, 66, 70, 44, 55, 41, 335),
(810, 711, null, null, 0, 'Gourgeist', 65, 90, 122, 58, 75, 84, 494),
(811, 711, null, null, 0, 'Gourgeist (Small Size)', 55, 85, 122, 58, 75, 99, 494),
(812, 711, null, null, 0, 'Gourgeist (Large Size)', 75, 95, 122, 58, 75, 69, 494),
(813, 711, null, null, 0, 'Gourgeist (Super Size)', 85, 100, 122, 58, 75, 54, 494),
(814, 712, null, null, 0, 'Bergmite', 55, 69, 85, 32, 35, 28, 304),
(815, 713, null, null, 0, 'Avalugg', 95, 117, 184, 44, 46, 28, 514),
(816, 714, null, null, 0, 'Noibat', 40, 30, 35, 45, 40, 55, 245),
(817, 715, null, null, 0, 'Noivern', 85, 70, 80, 97, 80, 123, 535),
(818, 716, null, null, 0, 'Xerneas', 126, 131, 95, 131, 98, 99, 680),
(819, 717, null, null, 0, 'Yveltal', 126, 131, 95, 131, 98, 99, 680),
(820, 718, null, null, 0, 'Zygarde', 108, 100, 121, 81, 95, 95, 600);

INSERT INTO pokedex.pokemon_type (pokemonId, typeId) VALUES 
(14, 1),
(15, 1),
(16, 1),
(17, 1),
(18, 1),
(19, 1),
(20, 1),
(58, 1),
(59, 1),
(60, 1),
(61, 1),
(139, 1),
(143, 1),
(144, 1),
(186, 1),
(187, 1),
(188, 1),
(189, 1),
(215, 1),
(226, 1),
(227, 1),
(235, 1),
(236, 1),
(237, 1),
(238, 1),
(239, 1),
(295, 1),
(296, 1),
(297, 1),
(298, 1),
(299, 1),
(314, 1),
(315, 1),
(321, 1),
(322, 1),
(323, 1),
(349, 1),
(350, 1),
(386, 1),
(387, 1),
(456, 1),
(457, 1),
(467, 1),
(468, 1),
(469, 1),
(470, 1),
(471, 1),
(472, 1),
(473, 1),
(512, 1),
(531, 1),
(611, 1),
(612, 1),
(613, 1),
(614, 1),
(615, 1),
(616, 1),
(630, 1),
(631, 1),
(661, 1),
(662, 1),
(668, 1),
(669, 1),
(689, 1),
(690, 1),
(705, 1),
(709, 1),
(710, 1),
(729, 1),
(744, 1),
(745, 1),
(746, 1),
(148, 2),
(219, 2),
(220, 2),
(240, 2),
(253, 2),
(254, 2),
(255, 2),
(274, 2),
(275, 2),
(291, 2),
(292, 2),
(304, 2),
(305, 2),
(333, 2),
(334, 2),
(354, 2),
(355, 2),
(356, 2),
(370, 2),
(381, 2),
(402, 2),
(403, 2),
(489, 2),
(493, 2),
(494, 2),
(501, 2),
(513, 2),
(523, 2),
(560, 2),
(579, 2),
(580, 2),
(623, 2),
(624, 2),
(625, 2),
(632, 2),
(633, 2),
(643, 2),
(644, 2),
(697, 2),
(698, 2),
(702, 2),
(703, 2),
(706, 2),
(707, 2),
(708, 2),
(738, 2),
(760, 2),
(782, 2),
(783, 2),
(819, 2),
(8, 3),
(166, 3),
(167, 3),
(168, 3),
(203, 3),
(256, 3),
(282, 3),
(367, 3),
(368, 3),
(372, 3),
(373, 3),
(416, 3),
(417, 3),
(418, 3),
(419, 3),
(427, 3),
(428, 3),
(429, 3),
(430, 3),
(435, 3),
(436, 3),
(502, 3),
(503, 3),
(504, 3),
(505, 3),
(551, 3),
(552, 3),
(555, 3),
(556, 3),
(683, 3),
(684, 3),
(685, 3),
(694, 3),
(706, 3),
(707, 3),
(708, 3),
(718, 3),
(719, 3),
(722, 3),
(723, 3),
(724, 3),
(787, 3),
(792, 3),
(793, 3),
(800, 3),
(801, 3),
(802, 3),
(816, 3),
(817, 3),
(820, 3),
(31, 4),
(32, 4),
(33, 4),
(34, 4),
(35, 4),
(36, 4),
(37, 4),
(38, 4),
(95, 4),
(96, 4),
(115, 4),
(116, 4),
(141, 4),
(153, 4),
(164, 4),
(191, 4),
(192, 4),
(193, 4),
(200, 4),
(201, 4),
(202, 4),
(203, 4),
(265, 4),
(269, 4),
(344, 4),
(345, 4),
(346, 4),
(347, 4),
(348, 4),
(458, 4),
(459, 4),
(460, 4),
(474, 4),
(524, 4),
(528, 4),
(542, 4),
(543, 4),
(544, 4),
(545, 4),
(546, 4),
(547, 4),
(592, 4),
(593, 4),
(660, 4),
(668, 4),
(669, 4),
(675, 4),
(676, 4),
(677, 4),
(691, 4),
(716, 4),
(717, 4),
(719, 4),
(790, 4),
(791, 4),
(798, 4),
(47, 5),
(48, 5),
(51, 5),
(52, 5),
(138, 5),
(194, 5),
(195, 5),
(196, 5),
(197, 5),
(205, 5),
(206, 5),
(232, 5),
(233, 5),
(310, 5),
(311, 5),
(312, 5),
(313, 5),
(329, 5),
(335, 5),
(336, 5),
(373, 5),
(498, 5),
(530, 5),
(602, 5),
(617, 5),
(618, 5),
(749, 5),
(750, 5),
(751, 5),
(752, 5),
(753, 5),
(754, 5),
(755, 5),
(756, 5),
(778, 5),
(779, 5),
(780, 5),
(781, 5),
(796, 5),
(798, 5),
(799, 5),
(803, 5),
(818, 5),
(68, 6),
(69, 6),
(74, 6),
(79, 6),
(80, 6),
(81, 6),
(121, 6),
(122, 6),
(170, 6),
(238, 6),
(239, 6),
(262, 6),
(263, 6),
(284, 6),
(285, 6),
(286, 6),
(317, 6),
(327, 6),
(328, 6),
(341, 6),
(342, 6),
(343, 6),
(446, 6),
(447, 6),
(487, 6),
(507, 6),
(508, 6),
(509, 6),
(514, 6),
(515, 6),
(537, 6),
(538, 6),
(569, 6),
(570, 6),
(603, 6),
(604, 6),
(605, 6),
(609, 6),
(610, 6),
(632, 6),
(633, 6),
(692, 6),
(693, 6),
(711, 6),
(712, 6),
(713, 6),
(725, 6),
(726, 6),
(728, 6),
(732, 6),
(759, 6),
(760, 6),
(797, 6),
(5, 7),
(6, 7),
(7, 7),
(8, 7),
(9, 7),
(49, 7),
(50, 7),
(70, 7),
(71, 7),
(90, 7),
(91, 7),
(142, 7),
(154, 7),
(165, 7),
(176, 7),
(177, 7),
(178, 7),
(243, 7),
(244, 7),
(253, 7),
(254, 7),
(255, 7),
(266, 7),
(270, 7),
(277, 7),
(283, 7),
(284, 7),
(285, 7),
(286, 7),
(359, 7),
(360, 7),
(361, 7),
(362, 7),
(391, 7),
(434, 7),
(445, 7),
(446, 7),
(447, 7),
(529, 7),
(543, 7),
(553, 7),
(564, 7),
(568, 7),
(569, 7),
(570, 7),
(583, 7),
(584, 7),
(626, 7),
(627, 7),
(628, 7),
(680, 7),
(681, 7),
(682, 7),
(704, 7),
(709, 7),
(710, 7),
(718, 7),
(733, 7),
(734, 7),
(735, 7),
(742, 7),
(743, 7),
(747, 7),
(748, 7),
(7, 8),
(9, 8),
(16, 8),
(21, 8),
(22, 8),
(23, 8),
(24, 8),
(27, 8),
(28, 8),
(53, 8),
(54, 8),
(97, 8),
(98, 8),
(99, 8),
(139, 8),
(144, 8),
(147, 8),
(160, 8),
(161, 8),
(163, 8),
(164, 8),
(165, 8),
(168, 8),
(184, 8),
(185, 8),
(186, 8),
(187, 8),
(190, 8),
(197, 8),
(198, 8),
(199, 8),
(209, 8),
(210, 8),
(211, 8),
(215, 8),
(220, 8),
(229, 8),
(250, 8),
(251, 8),
(252, 8),
(276, 8),
(277, 8),
(297, 8),
(306, 8),
(307, 8),
(308, 8),
(309, 8),
(315, 8),
(322, 8),
(371, 8),
(372, 8),
(400, 8),
(418, 8),
(419, 8),
(435, 8),
(436, 8),
(451, 8),
(452, 8),
(453, 8),
(471, 8),
(472, 8),
(473, 8),
(483, 8),
(484, 8),
(489, 8),
(500, 8),
(519, 8),
(530, 8),
(531, 8),
(534, 8),
(546, 8),
(562, 8),
(589, 8),
(590, 8),
(591, 8),
(597, 8),
(598, 8),
(634, 8),
(639, 8),
(640, 8),
(653, 8),
(654, 8),
(660, 8),
(700, 8),
(701, 8),
(702, 8),
(703, 8),
(714, 8),
(715, 8),
(716, 8),
(717, 8),
(720, 8),
(721, 8),
(741, 8),
(742, 8),
(743, 8),
(746, 8),
(797, 8),
(816, 8),
(817, 8),
(819, 8),
(106, 9),
(107, 9),
(108, 9),
(109, 9),
(222, 9),
(323, 9),
(333, 9),
(334, 9),
(395, 9),
(396, 9),
(397, 9),
(398, 9),
(399, 9),
(483, 9),
(484, 9),
(488, 9),
(501, 9),
(540, 9),
(541, 9),
(542, 9),
(555, 9),
(556, 9),
(635, 9),
(636, 9),
(665, 9),
(666, 9),
(680, 9),
(681, 9),
(682, 9),
(695, 9),
(696, 9),
(774, 9),
(775, 9),
(776, 9),
(777, 9),
(804, 9),
(805, 9),
(806, 9),
(807, 9),
(808, 9),
(809, 9),
(810, 9),
(811, 9),
(812, 9),
(813, 9),
(1, 10),
(2, 10),
(3, 10),
(4, 10),
(55, 10),
(56, 10),
(57, 10),
(58, 10),
(59, 10),
(82, 10),
(83, 10),
(84, 10),
(117, 10),
(118, 10),
(129, 10),
(173, 10),
(174, 10),
(175, 10),
(204, 10),
(209, 10),
(210, 10),
(211, 10),
(213, 10),
(214, 10),
(278, 10),
(279, 10),
(280, 10),
(281, 10),
(282, 10),
(300, 10),
(301, 10),
(302, 10),
(303, 10),
(304, 10),
(305, 10),
(316, 10),
(317, 10),
(351, 10),
(369, 10),
(370, 10),
(384, 10),
(385, 10),
(400, 10),
(442, 10),
(443, 10),
(444, 10),
(461, 10),
(462, 10),
(468, 10),
(477, 10),
(478, 10),
(479, 10),
(516, 10),
(520, 10),
(521, 10),
(522, 10),
(527, 10),
(532, 10),
(547, 10),
(561, 10),
(562, 10),
(565, 10),
(566, 10),
(567, 10),
(581, 10),
(582, 10),
(611, 10),
(612, 10),
(613, 10),
(617, 10),
(618, 10),
(619, 10),
(620, 10),
(629, 10),
(658, 10),
(659, 10),
(663, 10),
(664, 10),
(670, 10),
(671, 10),
(713, 10),
(730, 10),
(731, 10),
(732, 10),
(757, 10),
(758, 10),
(804, 10),
(805, 10),
(806, 10),
(807, 10),
(808, 10),
(809, 10),
(810, 10),
(811, 10),
(812, 10),
(813, 10),
(39, 11),
(40, 11),
(43, 11),
(46, 11),
(62, 11),
(63, 11),
(87, 11),
(88, 11),
(89, 11),
(110, 11),
(119, 11),
(120, 11),
(126, 11),
(127, 11),
(216, 11),
(217, 11),
(229, 11),
(230, 11),
(231, 11),
(245, 11),
(246, 11),
(257, 11),
(258, 11),
(272, 11),
(273, 11),
(288, 11),
(289, 11),
(290, 11),
(321, 11),
(359, 11),
(360, 11),
(361, 11),
(366, 11),
(367, 11),
(368, 11),
(378, 11),
(379, 11),
(382, 11),
(383, 11),
(433, 11),
(434, 11),
(444, 11),
(469, 11),
(481, 11),
(502, 11),
(503, 11),
(504, 11),
(505, 11),
(510, 11),
(511, 11),
(526, 11),
(534, 11),
(535, 11),
(599, 11),
(600, 11),
(607, 11),
(608, 11),
(623, 11),
(624, 11),
(625, 11),
(691, 11),
(695, 11),
(696, 11),
(720, 11),
(721, 11),
(740, 11),
(820, 11),
(101, 12),
(105, 12),
(140, 12),
(149, 12),
(163, 12),
(240, 12),
(245, 12),
(246, 12),
(250, 12),
(264, 12),
(393, 12),
(405, 12),
(406, 12),
(407, 12),
(408, 12),
(409, 12),
(410, 12),
(425, 12),
(520, 12),
(521, 12),
(522, 12),
(523, 12),
(533, 12),
(535, 12),
(541, 12),
(545, 12),
(655, 12),
(656, 12),
(657, 12),
(686, 12),
(687, 12),
(688, 12),
(722, 12),
(723, 12),
(724, 12),
(794, 12),
(795, 12),
(814, 12),
(815, 12),
(21, 13),
(22, 13),
(23, 13),
(24, 13),
(25, 13),
(26, 13),
(27, 13),
(28, 13),
(51, 13),
(52, 13),
(64, 13),
(65, 13),
(97, 13),
(98, 13),
(99, 13),
(123, 13),
(128, 13),
(130, 13),
(131, 13),
(145, 13),
(150, 13),
(151, 13),
(155, 13),
(162, 13),
(182, 13),
(183, 13),
(184, 13),
(185, 13),
(195, 13),
(212, 13),
(225, 13),
(228, 13),
(241, 13),
(242, 13),
(259, 13),
(260, 13),
(261, 13),
(267, 13),
(268, 13),
(293, 13),
(294, 13),
(306, 13),
(307, 13),
(318, 13),
(319, 13),
(320, 13),
(324, 13),
(325, 13),
(326, 13),
(329, 13),
(331, 13),
(332, 13),
(365, 13),
(371, 13),
(374, 13),
(390, 13),
(394, 13),
(451, 13),
(452, 13),
(453, 13),
(454, 13),
(455, 13),
(482, 13),
(485, 13),
(486, 13),
(487, 13),
(490, 13),
(491, 13),
(499, 13),
(500, 13),
(506, 13),
(525, 13),
(536, 13),
(554, 13),
(563, 13),
(574, 13),
(575, 13),
(576, 13),
(577, 13),
(578, 13),
(589, 13),
(590, 13),
(591, 13),
(601, 13),
(602, 13),
(645, 13),
(646, 13),
(658, 13),
(659, 13),
(699, 13),
(700, 13),
(701, 13),
(727, 13),
(728, 13),
(739, 13),
(740, 13),
(741, 13),
(747, 13),
(748, 13),
(761, 13),
(762, 13),
(763, 13),
(764, 13),
(765, 13),
(766, 13),
(767, 13),
(768, 13),
(769, 13),
(770, 13),
(790, 13),
(791, 13),
(1, 14),
(2, 14),
(3, 14),
(4, 14),
(17, 14),
(18, 14),
(19, 14),
(20, 14),
(29, 14),
(30, 14),
(41, 14),
(42, 14),
(43, 14),
(44, 14),
(45, 14),
(46, 14),
(53, 14),
(54, 14),
(55, 14),
(56, 14),
(57, 14),
(60, 14),
(61, 14),
(82, 14),
(83, 14),
(84, 14),
(85, 14),
(86, 14),
(102, 14),
(103, 14),
(106, 14),
(107, 14),
(108, 14),
(109, 14),
(124, 14),
(125, 14),
(188, 14),
(189, 14),
(190, 14),
(234, 14),
(299, 14),
(351, 14),
(352, 14),
(353, 14),
(375, 14),
(461, 14),
(462, 14),
(493, 14),
(494, 14),
(512, 14),
(513, 14),
(514, 14),
(515, 14),
(614, 14),
(615, 14),
(616, 14),
(641, 14),
(642, 14),
(663, 14),
(664, 14),
(786, 14),
(787, 14),
(75, 15),
(76, 15),
(77, 15),
(78, 15),
(92, 15),
(93, 15),
(94, 15),
(111, 15),
(112, 15),
(117, 15),
(118, 15),
(137, 15),
(138, 15),
(140, 15),
(169, 15),
(170, 15),
(171, 15),
(172, 15),
(198, 15),
(199, 15),
(218, 15),
(221, 15),
(223, 15),
(224, 15),
(225, 15),
(264, 15),
(276, 15),
(278, 15),
(310, 15),
(311, 15),
(312, 15),
(313, 15),
(341, 15),
(342, 15),
(343, 15),
(363, 15),
(364, 15),
(376, 15),
(377, 15),
(382, 15),
(383, 15),
(401, 15),
(404, 15),
(420, 15),
(421, 15),
(422, 15),
(423, 15),
(427, 15),
(428, 15),
(429, 15),
(430, 15),
(437, 15),
(438, 15),
(439, 15),
(440, 15),
(441, 15),
(492, 15),
(495, 15),
(496, 15),
(498, 15),
(537, 15),
(538, 15),
(548, 15),
(549, 15),
(550, 15),
(557, 15),
(564, 15),
(587, 15),
(588, 15),
(597, 15),
(598, 15),
(628, 15),
(634, 15),
(647, 15),
(648, 15),
(649, 15),
(650, 15),
(651, 15),
(652, 15),
(678, 15),
(679, 15),
(727, 15),
(735, 15),
(771, 15),
(772, 15),
(773, 15),
(782, 15),
(783, 15),
(87, 16),
(88, 16),
(89, 16),
(110, 16),
(126, 16),
(127, 16),
(156, 16),
(157, 16),
(158, 16),
(159, 16),
(160, 16),
(161, 16),
(207, 16),
(237, 16),
(244, 16),
(247, 16),
(272, 16),
(273, 16),
(274, 16),
(275, 16),
(330, 16),
(337, 16),
(338, 16),
(339, 16),
(376, 16),
(377, 16),
(384, 16),
(385, 16),
(386, 16),
(387, 16),
(414, 16),
(424, 16),
(463, 16),
(464, 16),
(465, 16),
(466, 16),
(497, 16),
(526, 16),
(539, 16),
(594, 16),
(595, 16),
(596, 16),
(630, 16),
(631, 16),
(637, 16),
(638, 16),
(639, 16),
(640, 16),
(712, 16),
(784, 16),
(785, 16),
(792, 16),
(793, 16),
(794, 16),
(795, 16),
(799, 16),
(95, 17),
(96, 17),
(227, 17),
(230, 17),
(231, 17),
(235, 17),
(236, 17),
(252, 17),
(335, 17),
(336, 17),
(337, 17),
(338, 17),
(339, 17),
(340, 17),
(420, 17),
(421, 17),
(422, 17),
(423, 17),
(426, 17),
(437, 17),
(450, 17),
(465, 17),
(466, 17),
(470, 17),
(495, 17),
(496, 17),
(508, 17),
(509, 17),
(524, 17),
(539, 17),
(551, 17),
(553, 17),
(600, 17),
(662, 17),
(670, 17),
(671, 17),
(672, 17),
(673, 17),
(674, 17),
(697, 17),
(698, 17),
(705, 17),
(711, 17),
(729, 17),
(774, 17),
(775, 17),
(776, 17),
(777, 17),
(803, 17),
(10, 18),
(11, 18),
(12, 18),
(13, 18),
(66, 18),
(67, 18),
(72, 18),
(73, 18),
(74, 18),
(85, 18),
(86, 18),
(92, 18),
(93, 18),
(94, 18),
(100, 18),
(101, 18),
(104, 18),
(105, 18),
(113, 18),
(114, 18),
(132, 18),
(133, 18),
(134, 18),
(135, 18),
(136, 18),
(137, 18),
(146, 18),
(147, 18),
(148, 18),
(149, 18),
(152, 18),
(156, 18),
(157, 18),
(158, 18),
(159, 18),
(179, 18),
(180, 18),
(181, 18),
(191, 18),
(192, 18),
(205, 18),
(206, 18),
(208, 18),
(216, 18),
(217, 18),
(221, 18),
(234, 18),
(247, 18),
(248, 18),
(249, 18),
(251, 18),
(256, 18),
(271, 18),
(287, 18),
(288, 18),
(289, 18),
(290, 18),
(300, 18),
(301, 18),
(302, 18),
(308, 18),
(309, 18),
(314, 18),
(354, 18),
(355, 18),
(356, 18),
(357, 18),
(358, 18),
(378, 18),
(379, 18),
(380, 18),
(381, 18),
(388, 18),
(389, 18),
(392, 18),
(408, 18),
(409, 18),
(410, 18),
(411, 18),
(412, 18),
(413, 18),
(414, 18),
(415, 18),
(431, 18),
(432, 18),
(448, 18),
(449, 18),
(450, 18),
(455, 18),
(475, 18),
(476, 18),
(480, 18),
(481, 18),
(517, 18),
(518, 18),
(519, 18),
(544, 18),
(552, 18),
(558, 18),
(559, 18),
(571, 18),
(572, 18),
(573, 18),
(585, 18),
(586, 18),
(606, 18),
(607, 18),
(608, 18),
(621, 18),
(622, 18),
(637, 18),
(638, 18),
(653, 18),
(654, 18),
(665, 18),
(666, 18),
(667, 18),
(725, 18),
(726, 18),
(736, 18),
(737, 18),
(738, 18),
(784, 18),
(785, 18),
(786, 18),
(788, 18),
(789, 18);

INSERT INTO pokedex.quirkTag (id, name) VALUES
(1, 'Strong against'),
(2, 'Weak against'),
(3, 'Resistant to'),
(4, 'Vulnerable to');

INSERT INTO pokedex.quirk (typeId, quirkTagId, targetTypeId) VALUES
(1, 1, 10),
(1, 1, 15),
(1, 1, 2),
(1, 2, 6),
(1, 2, 8),
(1, 2, 14),
(1, 2, 9),
(1, 2, 17),
(1, 2, 7),
(1, 2, 5),
(1, 3, 6),
(1, 3, 11),
(1, 3, 10),
(1, 4, 8),
(1, 4, 16),
(1, 4, 7),
(2, 1, 9),
(2, 1, 15),
(2, 2, 6),
(2, 2, 2),
(2, 2, 5),
(2, 3, 9),
(2, 3, 15),
(2, 3, 2),
(2, 4, 6),
(2, 4, 1),
(2, 4, 5),
(3, 1, 3),
(3, 2, 17),
(3, 2, 5),
(3, 3, 7),
(3, 3, 18),
(3, 3, 10),
(3, 3, 4),
(3, 4, 12),
(3, 4, 3),
(3, 4, 5),
(4, 1, 8),
(4, 1, 18),
(4, 2, 11),
(4, 2, 10),
(4, 2, 4),
(4, 2, 3),
(4, 3, 8),
(4, 3, 17),
(4, 3, 4),
(4, 4, 11),
(5, 1, 6),
(5, 1, 3),
(5, 1, 2),
(5, 2, 14),
(5, 2, 17),
(5, 2, 7),
(5, 3, 6),
(5, 3, 1),
(5, 3, 3),
(5, 3, 2),
(5, 4, 14),
(5, 4, 17),
(6, 1, 13),
(6, 1, 16),
(6, 1, 17),
(6, 1, 12),
(6, 1, 2),
(6, 2, 8),
(6, 2, 14),
(6, 2, 15),
(6, 2, 1),
(6, 2, 9),
(6, 2, 5),
(6, 3, 16),
(6, 3, 1),
(6, 3, 2),
(6, 4, 8),
(6, 4, 15),
(6, 4, 5),
(7, 1, 1),
(7, 1, 17),
(7, 1, 10),
(7, 1, 12),
(7, 2, 16),
(7, 2, 7),
(7, 2, 18),
(7, 2, 3),
(7, 3, 1),
(7, 3, 17),
(7, 3, 7),
(7, 3, 10),
(7, 3, 12),
(7, 4, 11),
(7, 4, 16),
(7, 4, 18),
(8, 1, 6),
(8, 1, 1),
(8, 1, 10),
(8, 2, 16),
(8, 2, 17),
(8, 2, 4),
(8, 3, 6),
(8, 3, 11),
(8, 3, 1),
(8, 3, 10),
(8, 4, 16),
(8, 4, 4),
(8, 4, 12),
(9, 1, 9),
(9, 1, 15),
(9, 2, 13),
(9, 2, 2),
(9, 3, 13),
(9, 3, 6),
(9, 3, 14),
(9, 3, 1),
(9, 4, 9),
(9, 4, 2),
(10, 1, 11),
(10, 1, 16),
(10, 1, 18),
(10, 2, 8),
(10, 2, 14),
(10, 2, 1),
(10, 2, 17),
(10, 2, 7),
(10, 2, 10),
(10, 2, 3),
(10, 3, 11),
(10, 3, 18),
(10, 3, 10),
(10, 3, 4),
(10, 4, 8),
(10, 4, 14),
(10, 4, 1),
(10, 4, 7),
(10, 4, 12),
(11, 1, 14),
(11, 1, 16),
(11, 1, 17),
(11, 1, 7),
(11, 1, 4),
(11, 2, 8),
(11, 2, 1),
(11, 2, 10),
(11, 3, 14),
(11, 3, 16),
(11, 3, 4),
(11, 4, 18),
(11, 4, 10),
(11, 4, 12),
(12, 1, 8),
(12, 1, 11),
(12, 1, 10),
(12, 1, 3),
(12, 2, 17),
(12, 2, 7),
(12, 2, 18),
(12, 2, 12),
(12, 3, 12),
(12, 4, 6),
(12, 4, 16),
(12, 4, 17),
(12, 4, 7),
(13, 2, 16),
(13, 2, 9),
(13, 2, 17),
(13, 3, 9),
(13, 4, 6),
(14, 1, 10),
(14, 1, 5),
(14, 2, 14),
(14, 2, 11),
(14, 2, 16),
(14, 2, 9),
(14, 2, 17),
(14, 3, 6),
(14, 3, 14),
(14, 3, 10),
(14, 3, 5),
(14, 4, 11),
(14, 4, 15),
(15, 1, 6),
(15, 1, 14),
(15, 2, 17),
(15, 2, 15),
(15, 2, 2),
(15, 3, 6),
(15, 3, 15),
(15, 4, 1),
(15, 4, 9),
(15, 4, 2),
(16, 1, 8),
(16, 1, 1),
(16, 1, 7),
(16, 1, 12),
(16, 2, 6),
(16, 2, 11),
(16, 2, 17),
(16, 3, 13),
(16, 3, 8),
(16, 3, 14),
(16, 3, 7),
(16, 4, 6),
(16, 4, 11),
(16, 4, 17),
(16, 4, 18),
(16, 4, 10),
(17, 1, 16),
(17, 1, 12),
(17, 1, 5),
(17, 2, 17),
(17, 2, 7),
(17, 2, 18),
(17, 2, 4),
(17, 3, 13),
(17, 3, 8),
(17, 3, 14),
(17, 3, 16),
(17, 3, 1),
(17, 3, 17),
(17, 3, 10),
(17, 3, 15),
(17, 3, 12),
(17, 3, 3),
(17, 3, 5),
(17, 4, 6),
(17, 4, 11),
(17, 4, 7),
(18, 1, 11),
(18, 1, 16),
(18, 1, 7),
(18, 2, 18),
(18, 2, 10),
(18, 2, 3),
(18, 3, 17),
(18, 3, 7),
(18, 3, 18),
(18, 3, 12),
(18, 4, 10),
(18, 4, 4);